(1829|Customer#000001829|2886.86|10-582-390-6176|ALGERIA|9TWqvF0jyqs5eJ O0OPAprl0chk8WGTf,|ccounts. boldly bold foxes use slyly even requests. never regular dolphins at th|53494.0857|CUSTKEY|C_NAME|C_ACCTBAL|C_PHONE|N_NAME|C_ADDRESS|C_COMMENT|revenue|224760)
(1829|Customer#000001829|2886.86|10-582-390-6176|ALGERIA|9TWqvF0jyqs5eJ O0OPAprl0chk8WGTf,|ccounts. boldly bold foxes use slyly even requests. never regular dolphins at th|0.0|CUSTKEY|C_NAME|C_ACCTBAL|C_PHONE|N_NAME|C_ADDRESS|C_COMMENT|revenue|313963)
(6952|Customer#000006952|9600.3|11-964-186-1638|ARGENTINA|tedolX6bU7a07kS,HSV1Kh2VartW|ckages play pending ideas. pending dependencies wake blithely along the unusual accounts. eve|90215.1936|CUSTKEY|C_NAME|C_ACCTBAL|C_PHONE|N_NAME|C_ADDRESS|C_COMMENT|revenue|581510)
(6952|Customer#000006952|9600.3|11-964-186-1638|ARGENTINA|tedolX6bU7a07kS,HSV1Kh2VartW|ckages play pending ideas. pending dependencies wake blithely along the unusual accounts. eve|126509.7386|CUSTKEY|C_NAME|C_ACCTBAL|C_PHONE|N_NAME|C_ADDRESS|C_COMMENT|revenue|581510)
(6952|Customer#000006952|9600.3|11-964-186-1638|ARGENTINA|tedolX6bU7a07kS,HSV1Kh2VartW|ckages play pending ideas. pending dependencies wake blithely along the unusual accounts. eve|128312.8766|CUSTKEY|C_NAME|C_ACCTBAL|C_PHONE|N_NAME|C_ADDRESS|C_COMMENT|revenue|581510)
(6952|Customer#000006952|9600.3|11-964-186-1638|ARGENTINA|tedolX6bU7a07kS,HSV1Kh2VartW|ckages play pending ideas. pending dependencies wake blithely along the unusual accounts. eve|132702.8222|CUSTKEY|C_NAME|C_ACCTBAL|C_PHONE|N_NAME|C_ADDRESS|C_COMMENT|revenue|581510)
(7763|Customer#000007763|4516.98|11-730-932-7228|ARGENTINA|XQpGwkvyfB35aFVA8MXkWg0byM|al deposits across the slyly unusual asymptotes sleep slyly slyly final ideas. ironic attainments|48310.02|CUSTKEY|C_NAME|C_ACCTBAL|C_PHONE|N_NAME|C_ADDRESS|C_COMMENT|revenue|729612)
(6952|Customer#000006952|9600.3|11-964-186-1638|ARGENTINA|tedolX6bU7a07kS,HSV1Kh2VartW|ckages play pending ideas. pending dependencies wake blithely along the unusual accounts. eve|42487.6286|CUSTKEY|C_NAME|C_ACCTBAL|C_PHONE|N_NAME|C_ADDRESS|C_COMMENT|revenue|786201)
(6952|Customer#000006952|9600.3|11-964-186-1638|ARGENTINA|tedolX6bU7a07kS,HSV1Kh2VartW|ckages play pending ideas. pending dependencies wake blithely along the unusual accounts. eve|6193.083599999998|CUSTKEY|C_NAME|C_ACCTBAL|C_PHONE|N_NAME|C_ADDRESS|C_COMMENT|revenue|786205)
(6952|Customer#000006952|9600.3|11-964-186-1638|ARGENTINA|tedolX6bU7a07kS,HSV1Kh2VartW|ckages play pending ideas. pending dependencies wake blithely along the unusual accounts. eve|4389.945599999998|CUSTKEY|C_NAME|C_ACCTBAL|C_PHONE|N_NAME|C_ADDRESS|C_COMMENT|revenue|786209)
(6952|Customer#000006952|9600.3|11-964-186-1638|ARGENTINA|tedolX6bU7a07kS,HSV1Kh2VartW|ckages play pending ideas. pending dependencies wake blithely along the unusual accounts. eve|-1.8189894035458565E-12|CUSTKEY|C_NAME|C_ACCTBAL|C_PHONE|N_NAME|C_ADDRESS|C_COMMENT|revenue|786211)
(9149|Customer#000009149|-789.42|11-614-474-2894|ARGENTINA|jJYaHVm8nO7XPj,SglOK,RWkhEVy|lyly pending escapades cajole. slyly ironic deposits about the blithely regular platelets sleep carefully ir|1609.7731999999999|CUSTKEY|C_NAME|C_ACCTBAL|C_PHONE|N_NAME|C_ADDRESS|C_COMMENT|revenue|814130)
(9149|Customer#000009149|-789.42|11-614-474-2894|ARGENTINA|jJYaHVm8nO7XPj,SglOK,RWkhEVy|lyly pending escapades cajole. slyly ironic deposits about the blithely regular platelets sleep carefully ir|14186.5532|CUSTKEY|C_NAME|C_ACCTBAL|C_PHONE|N_NAME|C_ADDRESS|C_COMMENT|revenue|814130)
(9149|Customer#000009149|-789.42|11-614-474-2894|ARGENTINA|jJYaHVm8nO7XPj,SglOK,RWkhEVy|lyly pending escapades cajole. slyly ironic deposits about the blithely regular platelets sleep carefully ir|85784.2262|CUSTKEY|C_NAME|C_ACCTBAL|C_PHONE|N_NAME|C_ADDRESS|C_COMMENT|revenue|814130)
(9316|Customer#000009316|1740.47|11-438-577-1221|ARGENTINA|,CfVv fctTa 8VUC|s. even deposits believe furiously ironic requests. carefully ironic instructions alongside of|35521.503600000004|CUSTKEY|C_NAME|C_ACCTBAL|C_PHONE|N_NAME|C_ADDRESS|C_COMMENT|revenue|899330)
(9316|Customer#000009316|1740.47|11-438-577-1221|ARGENTINA|,CfVv fctTa 8VUC|s. even deposits believe furiously ironic requests. carefully ironic instructions alongside of|52298.58810000001|CUSTKEY|C_NAME|C_ACCTBAL|C_PHONE|N_NAME|C_ADDRESS|C_COMMENT|revenue|899330)
(9316|Customer#000009316|1740.47|11-438-577-1221|ARGENTINA|,CfVv fctTa 8VUC|s. even deposits believe furiously ironic requests. carefully ironic instructions alongside of|69599.9449|CUSTKEY|C_NAME|C_ACCTBAL|C_PHONE|N_NAME|C_ADDRESS|C_COMMENT|revenue|899330)
(8125|Customer#000008125|-800.69|11-197-480-4848|ARGENTINA|1p9,y6q7WPE3jmgW|usly regular dolphins haggle slyly. blithely final deposits sleep regular excuses. slyly pending deposits a|36671.328|CUSTKEY|C_NAME|C_ACCTBAL|C_PHONE|N_NAME|C_ADDRESS|C_COMMENT|revenue|910142)
(8125|Customer#000008125|-800.69|11-197-480-4848|ARGENTINA|1p9,y6q7WPE3jmgW|usly regular dolphins haggle slyly. blithely final deposits sleep regular excuses. slyly pending deposits a|96069.7776|CUSTKEY|C_NAME|C_ACCTBAL|C_PHONE|N_NAME|C_ADDRESS|C_COMMENT|revenue|910142)
(8125|Customer#000008125|-800.69|11-197-480-4848|ARGENTINA|1p9,y6q7WPE3jmgW|usly regular dolphins haggle slyly. blithely final deposits sleep regular excuses. slyly pending deposits a|112652.3046|CUSTKEY|C_NAME|C_ACCTBAL|C_PHONE|N_NAME|C_ADDRESS|C_COMMENT|revenue|910142)
(8125|Customer#000008125|-800.69|11-197-480-4848|ARGENTINA|1p9,y6q7WPE3jmgW|usly regular dolphins haggle slyly. blithely final deposits sleep regular excuses. slyly pending deposits a|125841.0846|CUSTKEY|C_NAME|C_ACCTBAL|C_PHONE|N_NAME|C_ADDRESS|C_COMMENT|revenue|910142)
(7763|Customer#000007763|4516.98|11-730-932-7228|ARGENTINA|XQpGwkvyfB35aFVA8MXkWg0byM|al deposits across the slyly unusual asymptotes sleep slyly slyly final ideas. ironic attainments|0.0|CUSTKEY|C_NAME|C_ACCTBAL|C_PHONE|N_NAME|C_ADDRESS|C_COMMENT|revenue|919233)
(8125|Customer#000008125|-800.69|11-197-480-4848|ARGENTINA|1p9,y6q7WPE3jmgW|usly regular dolphins haggle slyly. blithely final deposits sleep regular excuses. slyly pending deposits a|89169.7566|CUSTKEY|C_NAME|C_ACCTBAL|C_PHONE|N_NAME|C_ADDRESS|C_COMMENT|revenue|956157)
(8125|Customer#000008125|-800.69|11-197-480-4848|ARGENTINA|1p9,y6q7WPE3jmgW|usly regular dolphins haggle slyly. blithely final deposits sleep regular excuses. slyly pending deposits a|29771.307|CUSTKEY|C_NAME|C_ACCTBAL|C_PHONE|N_NAME|C_ADDRESS|C_COMMENT|revenue|956157)
(8125|Customer#000008125|-800.69|11-197-480-4848|ARGENTINA|1p9,y6q7WPE3jmgW|usly regular dolphins haggle slyly. blithely final deposits sleep regular excuses. slyly pending deposits a|13188.780000000002|CUSTKEY|C_NAME|C_ACCTBAL|C_PHONE|N_NAME|C_ADDRESS|C_COMMENT|revenue|956157)
(8125|Customer#000008125|-800.69|11-197-480-4848|ARGENTINA|1p9,y6q7WPE3jmgW|usly regular dolphins haggle slyly. blithely final deposits sleep regular excuses. slyly pending deposits a|1.8189894035458565E-12|CUSTKEY|C_NAME|C_ACCTBAL|C_PHONE|N_NAME|C_ADDRESS|C_COMMENT|revenue|956157)
(10730|Customer#000010730|5374.88|11-687-455-3362|ARGENTINA|0DI4C xwE6i,bsZu9l|inal accounts wake. quickly ironic foxes sleep after the ironic, silent deposits. slyly special accounts |14100.196|CUSTKEY|C_NAME|C_ACCTBAL|C_PHONE|N_NAME|C_ADDRESS|C_COMMENT|revenue|1037954)
(10730|Customer#000010730|5374.88|11-687-455-3362|ARGENTINA|0DI4C xwE6i,bsZu9l|inal accounts wake. quickly ironic foxes sleep after the ironic, silent deposits. slyly special accounts |33530.746|CUSTKEY|C_NAME|C_ACCTBAL|C_PHONE|N_NAME|C_ADDRESS|C_COMMENT|revenue|1037962)
(10730|Customer#000010730|5374.88|11-687-455-3362|ARGENTINA|0DI4C xwE6i,bsZu9l|inal accounts wake. quickly ironic foxes sleep after the ironic, silent deposits. slyly special accounts |75659.791|CUSTKEY|C_NAME|C_ACCTBAL|C_PHONE|N_NAME|C_ADDRESS|C_COMMENT|revenue|1037964)
(9149|Customer#000009149|-789.42|11-614-474-2894|ARGENTINA|jJYaHVm8nO7XPj,SglOK,RWkhEVy|lyly pending escapades cajole. slyly ironic deposits about the blithely regular platelets sleep carefully ir|84174.45300000001|CUSTKEY|C_NAME|C_ACCTBAL|C_PHONE|N_NAME|C_ADDRESS|C_COMMENT|revenue|1068425)
(9149|Customer#000009149|-789.42|11-614-474-2894|ARGENTINA|jJYaHVm8nO7XPj,SglOK,RWkhEVy|lyly pending escapades cajole. slyly ironic deposits about the blithely regular platelets sleep carefully ir|71597.67300000001|CUSTKEY|C_NAME|C_ACCTBAL|C_PHONE|N_NAME|C_ADDRESS|C_COMMENT|revenue|1068429)
(9149|Customer#000009149|-789.42|11-614-474-2894|ARGENTINA|jJYaHVm8nO7XPj,SglOK,RWkhEVy|lyly pending escapades cajole. slyly ironic deposits about the blithely regular platelets sleep carefully ir|0.0|CUSTKEY|C_NAME|C_ACCTBAL|C_PHONE|N_NAME|C_ADDRESS|C_COMMENT|revenue|1068431)
(9316|Customer#000009316|1740.47|11-438-577-1221|ARGENTINA|,CfVv fctTa 8VUC|s. even deposits believe furiously ironic requests. carefully ironic instructions alongside of|34078.4413|CUSTKEY|C_NAME|C_ACCTBAL|C_PHONE|N_NAME|C_ADDRESS|C_COMMENT|revenue|1077639)
(9316|Customer#000009316|1740.47|11-438-577-1221|ARGENTINA|,CfVv fctTa 8VUC|s. even deposits believe furiously ironic requests. carefully ironic instructions alongside of|17301.356799999998|CUSTKEY|C_NAME|C_ACCTBAL|C_PHONE|N_NAME|C_ADDRESS|C_COMMENT|revenue|1077639)
(9316|Customer#000009316|1740.47|11-438-577-1221|ARGENTINA|,CfVv fctTa 8VUC|s. even deposits believe furiously ironic requests. carefully ironic instructions alongside of|-3.637978807091713E-12|CUSTKEY|C_NAME|C_ACCTBAL|C_PHONE|N_NAME|C_ADDRESS|C_COMMENT|revenue|1077639)
(10730|Customer#000010730|5374.88|11-687-455-3362|ARGENTINA|0DI4C xwE6i,bsZu9l|inal accounts wake. quickly ironic foxes sleep after the ironic, silent deposits. slyly special accounts |61559.595|CUSTKEY|C_NAME|C_ACCTBAL|C_PHONE|N_NAME|C_ADDRESS|C_COMMENT|revenue|1096511)
(10730|Customer#000010730|5374.88|11-687-455-3362|ARGENTINA|0DI4C xwE6i,bsZu9l|inal accounts wake. quickly ironic foxes sleep after the ironic, silent deposits. slyly special accounts |42129.045|CUSTKEY|C_NAME|C_ACCTBAL|C_PHONE|N_NAME|C_ADDRESS|C_COMMENT|revenue|1096511)
(10730|Customer#000010730|5374.88|11-687-455-3362|ARGENTINA|0DI4C xwE6i,bsZu9l|inal accounts wake. quickly ironic foxes sleep after the ironic, silent deposits. slyly special accounts |-7.275957614183426E-12|CUSTKEY|C_NAME|C_ACCTBAL|C_PHONE|N_NAME|C_ADDRESS|C_COMMENT|revenue|1096511)
(16870|Customer#000016870|3522.52|12-646-795-1062|BRAZIL|glhsJsQwb2X9Irtmx|ully within the carefully regu|23194.5168|CUSTKEY|C_NAME|C_ACCTBAL|C_PHONE|N_NAME|C_ADDRESS|C_COMMENT|revenue|1597766)
(16870|Customer#000016870|3522.52|12-646-795-1062|BRAZIL|glhsJsQwb2X9Irtmx|ully within the carefully regu|57929.390400000004|CUSTKEY|C_NAME|C_ACCTBAL|C_PHONE|N_NAME|C_ADDRESS|C_COMMENT|revenue|1597770)
(16870|Customer#000016870|3522.52|12-646-795-1062|BRAZIL|glhsJsQwb2X9Irtmx|ully within the carefully regu|34734.873600000006|CUSTKEY|C_NAME|C_ACCTBAL|C_PHONE|N_NAME|C_ADDRESS|C_COMMENT|revenue|1708513)
(16870|Customer#000016870|3522.52|12-646-795-1062|BRAZIL|glhsJsQwb2X9Irtmx|ully within the carefully regu|7.275957614183426E-12|CUSTKEY|C_NAME|C_ACCTBAL|C_PHONE|N_NAME|C_ADDRESS|C_COMMENT|revenue|1708513)
(21878|Customer#000021878|3760.93|13-342-175-6297|CANADA|C6FcnLkF4Yg3K6jF2YId9|. bold packages above the regular, silent packages nag packages. slyly unusual foxes sleep. slyly regu|57543.404800000004|CUSTKEY|C_NAME|C_ACCTBAL|C_PHONE|N_NAME|C_ADDRESS|C_COMMENT|revenue|2103966)
(21878|Customer#000021878|3760.93|13-342-175-6297|CANADA|C6FcnLkF4Yg3K6jF2YId9|. bold packages above the regular, silent packages nag packages. slyly unusual foxes sleep. slyly regu|69926.36630000001|CUSTKEY|C_NAME|C_ACCTBAL|C_PHONE|N_NAME|C_ADDRESS|C_COMMENT|revenue|2103966)
(21910|Customer#000021910|8140.07|13-702-959-7272|CANADA|NEOlAvfuK1SiLJp1rCc5G| carefully across the blithely regular dolphins. unusual|57865.8|CUSTKEY|C_NAME|C_ACCTBAL|C_PHONE|N_NAME|C_ADDRESS|C_COMMENT|revenue|2107230)
(21878|Customer#000021878|3760.93|13-342-175-6297|CANADA|C6FcnLkF4Yg3K6jF2YId9|. bold packages above the regular, silent packages nag packages. slyly unusual foxes sleep. slyly regu|12382.961500000005|CUSTKEY|C_NAME|C_ACCTBAL|C_PHONE|N_NAME|C_ADDRESS|C_COMMENT|revenue|2197111)
(21878|Customer#000021878|3760.93|13-342-175-6297|CANADA|C6FcnLkF4Yg3K6jF2YId9|. bold packages above the regular, silent packages nag packages. slyly unusual foxes sleep. slyly regu|5.4569682106375694E-12|CUSTKEY|C_NAME|C_ACCTBAL|C_PHONE|N_NAME|C_ADDRESS|C_COMMENT|revenue|2197115)
(21910|Customer#000021910|8140.07|13-702-959-7272|CANADA|NEOlAvfuK1SiLJp1rCc5G| carefully across the blithely regular dolphins. unusual|0.0|CUSTKEY|C_NAME|C_ACCTBAL|C_PHONE|N_NAME|C_ADDRESS|C_COMMENT|revenue|2247401)
(22852|Customer#000022852|471.19|13-315-261-7437|CANADA|ZR7u krOxyrx68r|lly final accounts. carefully express requests use. furiously enticing deposits cajole about the slyly even accou|34317.5616|CUSTKEY|C_NAME|C_ACCTBAL|C_PHONE|N_NAME|C_ADDRESS|C_COMMENT|revenue|2300864)
(22852|Customer#000022852|471.19|13-315-261-7437|CANADA|ZR7u krOxyrx68r|lly final accounts. carefully express requests use. furiously enticing deposits cajole about the slyly even accou|98812.9779|CUSTKEY|C_NAME|C_ACCTBAL|C_PHONE|N_NAME|C_ADDRESS|C_COMMENT|revenue|2300870)
(22526|Customer#000022526|8903.0|13-678-939-2615|CANADA|1jyX37IGie,vfjclKm|, regular requests integrate quickly express, even |23979.865|CUSTKEY|C_NAME|C_ACCTBAL|C_PHONE|N_NAME|C_ADDRESS|C_COMMENT|revenue|2340418)
(22526|Customer#000022526|8903.0|13-678-939-2615|CANADA|1jyX37IGie,vfjclKm|, regular requests integrate quickly express, even |69265.7914|CUSTKEY|C_NAME|C_ACCTBAL|C_PHONE|N_NAME|C_ADDRESS|C_COMMENT|revenue|2340428)
(22850|Customer#000022850|1200.97|13-799-980-6535|CANADA|HgO7G,CyBd0FLe4pGzb00| regular, even packages. furiously even ideas grow carefully across the express, regular ideas. braids haggle sl|43135.7285|CUSTKEY|C_NAME|C_ACCTBAL|C_PHONE|N_NAME|C_ADDRESS|C_COMMENT|revenue|2348148)
(22850|Customer#000022850|1200.97|13-799-980-6535|CANADA|HgO7G,CyBd0FLe4pGzb00| regular, even packages. furiously even ideas grow carefully across the express, regular ideas. braids haggle sl|73381.6645|CUSTKEY|C_NAME|C_ACCTBAL|C_PHONE|N_NAME|C_ADDRESS|C_COMMENT|revenue|2348152)
(22850|Customer#000022850|1200.97|13-799-980-6535|CANADA|HgO7G,CyBd0FLe4pGzb00| regular, even packages. furiously even ideas grow carefully across the express, regular ideas. braids haggle sl|85260.1267|CUSTKEY|C_NAME|C_ACCTBAL|C_PHONE|N_NAME|C_ADDRESS|C_COMMENT|revenue|2348160)
(22850|Customer#000022850|1200.97|13-799-980-6535|CANADA|HgO7G,CyBd0FLe4pGzb00| regular, even packages. furiously even ideas grow carefully across the express, regular ideas. braids haggle sl|107133.7267|CUSTKEY|C_NAME|C_ACCTBAL|C_PHONE|N_NAME|C_ADDRESS|C_COMMENT|revenue|2348162)
(22526|Customer#000022526|8903.0|13-678-939-2615|CANADA|1jyX37IGie,vfjclKm|, regular requests integrate quickly express, even |45285.9264|CUSTKEY|C_NAME|C_ACCTBAL|C_PHONE|N_NAME|C_ADDRESS|C_COMMENT|revenue|2340418)
(22526|Customer#000022526|8903.0|13-678-939-2615|CANADA|1jyX37IGie,vfjclKm|, regular requests integrate quickly express, even |0.0|CUSTKEY|C_NAME|C_ACCTBAL|C_PHONE|N_NAME|C_ADDRESS|C_COMMENT|revenue|2340428)
(22850|Customer#000022850|1200.97|13-799-980-6535|CANADA|HgO7G,CyBd0FLe4pGzb00| regular, even packages. furiously even ideas grow carefully across the express, regular ideas. braids haggle sl|63997.9982|CUSTKEY|C_NAME|C_ACCTBAL|C_PHONE|N_NAME|C_ADDRESS|C_COMMENT|revenue|2348148)
(22850|Customer#000022850|1200.97|13-799-980-6535|CANADA|HgO7G,CyBd0FLe4pGzb00| regular, even packages. furiously even ideas grow carefully across the express, regular ideas. braids haggle sl|33752.0622|CUSTKEY|C_NAME|C_ACCTBAL|C_PHONE|N_NAME|C_ADDRESS|C_COMMENT|revenue|2348152)
(22850|Customer#000022850|1200.97|13-799-980-6535|CANADA|HgO7G,CyBd0FLe4pGzb00| regular, even packages. furiously even ideas grow carefully across the express, regular ideas. braids haggle sl|21873.6|CUSTKEY|C_NAME|C_ACCTBAL|C_PHONE|N_NAME|C_ADDRESS|C_COMMENT|revenue|2348160)
(22850|Customer#000022850|1200.97|13-799-980-6535|CANADA|HgO7G,CyBd0FLe4pGzb00| regular, even packages. furiously even ideas grow carefully across the express, regular ideas. braids haggle sl|0.0|CUSTKEY|C_NAME|C_ACCTBAL|C_PHONE|N_NAME|C_ADDRESS|C_COMMENT|revenue|2348162)
(22852|Customer#000022852|471.19|13-315-261-7437|CANADA|ZR7u krOxyrx68r|lly final accounts. carefully express requests use. furiously enticing deposits cajole about the slyly even accou|64495.4163|CUSTKEY|C_NAME|C_ACCTBAL|C_PHONE|N_NAME|C_ADDRESS|C_COMMENT|revenue|2320515)
(22852|Customer#000022852|471.19|13-315-261-7437|CANADA|ZR7u krOxyrx68r|lly final accounts. carefully express requests use. furiously enticing deposits cajole about the slyly even accou|0.0|CUSTKEY|C_NAME|C_ACCTBAL|C_PHONE|N_NAME|C_ADDRESS|C_COMMENT|revenue|2320515)
(22462|Customer#000022462|2142.73|14-303-392-3510|EGYPT|f5XjsDp,6TU3wOOrhrDpsSTh|quickly even theodolites are slyly. quietly bold requests sleep slyly a|7555.878|CUSTKEY|C_NAME|C_ACCTBAL|C_PHONE|N_NAME|C_ADDRESS|C_COMMENT|revenue|2369028)
(24629|Customer#000024629|-867.26|14-301-469-9499|EGYPT|cTq5LnOmlv0q8nx| the blithely regular theodolites. ironic accounts use fluff|34664.036400000005|CUSTKEY|C_NAME|C_ACCTBAL|C_PHONE|N_NAME|C_ADDRESS|C_COMMENT|revenue|2393384)
(24629|Customer#000024629|-867.26|14-301-469-9499|EGYPT|cTq5LnOmlv0q8nx| the blithely regular theodolites. ironic accounts use fluff|35989.3464|CUSTKEY|C_NAME|C_ACCTBAL|C_PHONE|N_NAME|C_ADDRESS|C_COMMENT|revenue|2393386)
(22462|Customer#000022462|2142.73|14-303-392-3510|EGYPT|f5XjsDp,6TU3wOOrhrDpsSTh|quickly even theodolites are slyly. quietly bold requests sleep slyly a|0.0|CUSTKEY|C_NAME|C_ACCTBAL|C_PHONE|N_NAME|C_ADDRESS|C_COMMENT|revenue|2418537)
(24311|Customer#000024311|9941.02|14-856-855-6267|EGYPT|JbotLRUFUN3UWM69aZBzX3mdfutysUywBtQ7G| carefully regular pinto beans across th|70292.5824|CUSTKEY|C_NAME|C_ACCTBAL|C_PHONE|N_NAME|C_ADDRESS|C_COMMENT|revenue|2528220)
(24629|Customer#000024629|-867.26|14-301-469-9499|EGYPT|cTq5LnOmlv0q8nx| the blithely regular theodolites. ironic accounts use fluff|1325.3099999999977|CUSTKEY|C_NAME|C_ACCTBAL|C_PHONE|N_NAME|C_ADDRESS|C_COMMENT|revenue|2648385)
(24629|Customer#000024629|-867.26|14-301-469-9499|EGYPT|cTq5LnOmlv0q8nx| the blithely regular theodolites. ironic accounts use fluff|-2.2737367544323206E-12|CUSTKEY|C_NAME|C_ACCTBAL|C_PHONE|N_NAME|C_ADDRESS|C_COMMENT|revenue|2648387)
(24311|Customer#000024311|9941.02|14-856-855-6267|EGYPT|JbotLRUFUN3UWM69aZBzX3mdfutysUywBtQ7G| carefully regular pinto beans across th|0.0|CUSTKEY|C_NAME|C_ACCTBAL|C_PHONE|N_NAME|C_ADDRESS|C_COMMENT|revenue|2607135)
(26434|Customer#000026434|474.82|14-431-485-7585|EGYPT|8PrAseokGFOozPlgv1Urol|inal deposits hinder final requests. quickly regular foxes sleep.|12972.96|CUSTKEY|C_NAME|C_ACCTBAL|C_PHONE|N_NAME|C_ADDRESS|C_COMMENT|revenue|2644826)
(26434|Customer#000026434|474.82|14-431-485-7585|EGYPT|8PrAseokGFOozPlgv1Urol|inal deposits hinder final requests. quickly regular foxes sleep.|72483.81|CUSTKEY|C_NAME|C_ACCTBAL|C_PHONE|N_NAME|C_ADDRESS|C_COMMENT|revenue|2644828)
(25700|Customer#000025700|1030.38|14-683-146-1525|EGYPT|4grSJjCmlta BAiXwvNgq8,MWUnRU3tZUQ|nstructions sleep. even requests are quickly around the blithely regular|53000.464|CUSTKEY|C_NAME|C_ACCTBAL|C_PHONE|N_NAME|C_ADDRESS|C_COMMENT|revenue|2742976)
(25700|Customer#000025700|1030.38|14-683-146-1525|EGYPT|4grSJjCmlta BAiXwvNgq8,MWUnRU3tZUQ|nstructions sleep. even requests are quickly around the blithely regular|115149.07680000001|CUSTKEY|C_NAME|C_ACCTBAL|C_PHONE|N_NAME|C_ADDRESS|C_COMMENT|revenue|2742976)
(25700|Customer#000025700|1030.38|14-683-146-1525|EGYPT|4grSJjCmlta BAiXwvNgq8,MWUnRU3tZUQ|nstructions sleep. even requests are quickly around the blithely regular|136432.3218|CUSTKEY|C_NAME|C_ACCTBAL|C_PHONE|N_NAME|C_ADDRESS|C_COMMENT|revenue|2742976)
(25700|Customer#000025700|1030.38|14-683-146-1525|EGYPT|4grSJjCmlta BAiXwvNgq8,MWUnRU3tZUQ|nstructions sleep. even requests are quickly around the blithely regular|195782.40840000001|CUSTKEY|C_NAME|C_ACCTBAL|C_PHONE|N_NAME|C_ADDRESS|C_COMMENT|revenue|2742976)
(25700|Customer#000025700|1030.38|14-683-146-1525|EGYPT|4grSJjCmlta BAiXwvNgq8,MWUnRU3tZUQ|nstructions sleep. even requests are quickly around the blithely regular|142781.9444|CUSTKEY|C_NAME|C_ACCTBAL|C_PHONE|N_NAME|C_ADDRESS|C_COMMENT|revenue|2748813)
(25700|Customer#000025700|1030.38|14-683-146-1525|EGYPT|4grSJjCmlta BAiXwvNgq8,MWUnRU3tZUQ|nstructions sleep. even requests are quickly around the blithely regular|80633.3316|CUSTKEY|C_NAME|C_ACCTBAL|C_PHONE|N_NAME|C_ADDRESS|C_COMMENT|revenue|2748813)
(25700|Customer#000025700|1030.38|14-683-146-1525|EGYPT|4grSJjCmlta BAiXwvNgq8,MWUnRU3tZUQ|nstructions sleep. even requests are quickly around the blithely regular|59350.08660000001|CUSTKEY|C_NAME|C_ACCTBAL|C_PHONE|N_NAME|C_ADDRESS|C_COMMENT|revenue|2748813)
(25700|Customer#000025700|1030.38|14-683-146-1525|EGYPT|4grSJjCmlta BAiXwvNgq8,MWUnRU3tZUQ|nstructions sleep. even requests are quickly around the blithely regular|1.4551915228366852E-11|CUSTKEY|C_NAME|C_ACCTBAL|C_PHONE|N_NAME|C_ADDRESS|C_COMMENT|revenue|2748813)
(26434|Customer#000026434|474.82|14-431-485-7585|EGYPT|8PrAseokGFOozPlgv1Urol|inal deposits hinder final requests. quickly regular foxes sleep.|59510.85|CUSTKEY|C_NAME|C_ACCTBAL|C_PHONE|N_NAME|C_ADDRESS|C_COMMENT|revenue|2823681)
(26434|Customer#000026434|474.82|14-431-485-7585|EGYPT|8PrAseokGFOozPlgv1Urol|inal deposits hinder final requests. quickly regular foxes sleep.|0.0|CUSTKEY|C_NAME|C_ACCTBAL|C_PHONE|N_NAME|C_ADDRESS|C_COMMENT|revenue|2823681)
(29029|Customer#000029029|6049.61|14-453-946-8145|EGYPT|05ESQWFt4CxQKb59|ges boost according to the dep|40909.6584|CUSTKEY|C_NAME|C_ACCTBAL|C_PHONE|N_NAME|C_ADDRESS|C_COMMENT|revenue|2833370)
(29029|Customer#000029029|6049.61|14-453-946-8145|EGYPT|05ESQWFt4CxQKb59|ges boost according to the dep|70648.7688|CUSTKEY|C_NAME|C_ACCTBAL|C_PHONE|N_NAME|C_ADDRESS|C_COMMENT|revenue|2833370)
(27319|Customer#000027319|6395.34|14-252-174-4428|EGYPT|RRK22OvEAvB7sPnrRa4cV1oYq|refully regular requests. blit|3499.1974|CUSTKEY|C_NAME|C_ACCTBAL|C_PHONE|N_NAME|C_ADDRESS|C_COMMENT|revenue|2855186)
(27319|Customer#000027319|6395.34|14-252-174-4428|EGYPT|RRK22OvEAvB7sPnrRa4cV1oYq|refully regular requests. blit|0.0|CUSTKEY|C_NAME|C_ACCTBAL|C_PHONE|N_NAME|C_ADDRESS|C_COMMENT|revenue|2913951)
(29029|Customer#000029029|6049.61|14-453-946-8145|EGYPT|05ESQWFt4CxQKb59|ges boost according to the dep|29739.110400000005|CUSTKEY|C_NAME|C_ACCTBAL|C_PHONE|N_NAME|C_ADDRESS|C_COMMENT|revenue|2932517)
(29029|Customer#000029029|6049.61|14-453-946-8145|EGYPT|05ESQWFt4CxQKb59|ges boost according to the dep|3.637978807091713E-12|CUSTKEY|C_NAME|C_ACCTBAL|C_PHONE|N_NAME|C_ADDRESS|C_COMMENT|revenue|2932517)
(29066|Customer#000029066|9269.73|15-831-962-9629|ETHIOPIA|LP1KrSu28r JN3sdB| instructions breach carefully after the slyly express accounts. final, |31853.8224|CUSTKEY|C_NAME|C_ACCTBAL|C_PHONE|N_NAME|C_ADDRESS|C_COMMENT|revenue|3034546)
(29066|Customer#000029066|9269.73|15-831-962-9629|ETHIOPIA|LP1KrSu28r JN3sdB| instructions breach carefully after the slyly express accounts. final, |47253.0786|CUSTKEY|C_NAME|C_ACCTBAL|C_PHONE|N_NAME|C_ADDRESS|C_COMMENT|revenue|3034546)
(29066|Customer#000029066|9269.73|15-831-962-9629|ETHIOPIA|LP1KrSu28r JN3sdB| instructions breach carefully after the slyly express accounts. final, |120605.75519999999|CUSTKEY|C_NAME|C_ACCTBAL|C_PHONE|N_NAME|C_ADDRESS|C_COMMENT|revenue|3034546)
(29066|Customer#000029066|9269.73|15-831-962-9629|ETHIOPIA|LP1KrSu28r JN3sdB| instructions breach carefully after the slyly express accounts. final, |149085.0336|CUSTKEY|C_NAME|C_ACCTBAL|C_PHONE|N_NAME|C_ADDRESS|C_COMMENT|revenue|3034546)
(29066|Customer#000029066|9269.73|15-831-962-9629|ETHIOPIA|LP1KrSu28r JN3sdB| instructions breach carefully after the slyly express accounts. final, |209393.2136|CUSTKEY|C_NAME|C_ACCTBAL|C_PHONE|N_NAME|C_ADDRESS|C_COMMENT|revenue|3034546)
(29066|Customer#000029066|9269.73|15-831-962-9629|ETHIOPIA|LP1KrSu28r JN3sdB| instructions breach carefully after the slyly express accounts. final, |177539.39119999998|CUSTKEY|C_NAME|C_ACCTBAL|C_PHONE|N_NAME|C_ADDRESS|C_COMMENT|revenue|3092147)
(29066|Customer#000029066|9269.73|15-831-962-9629|ETHIOPIA|LP1KrSu28r JN3sdB| instructions breach carefully after the slyly express accounts. final, |162140.13499999998|CUSTKEY|C_NAME|C_ACCTBAL|C_PHONE|N_NAME|C_ADDRESS|C_COMMENT|revenue|3092147)
(29066|Customer#000029066|9269.73|15-831-962-9629|ETHIOPIA|LP1KrSu28r JN3sdB| instructions breach carefully after the slyly express accounts. final, |88787.45839999999|CUSTKEY|C_NAME|C_ACCTBAL|C_PHONE|N_NAME|C_ADDRESS|C_COMMENT|revenue|3092147)
(29066|Customer#000029066|9269.73|15-831-962-9629|ETHIOPIA|LP1KrSu28r JN3sdB| instructions breach carefully after the slyly express accounts. final, |60308.17999999999|CUSTKEY|C_NAME|C_ACCTBAL|C_PHONE|N_NAME|C_ADDRESS|C_COMMENT|revenue|3092147)
(29066|Customer#000029066|9269.73|15-831-962-9629|ETHIOPIA|LP1KrSu28r JN3sdB| instructions breach carefully after the slyly express accounts. final, |-7.275957614183426E-12|CUSTKEY|C_NAME|C_ACCTBAL|C_PHONE|N_NAME|C_ADDRESS|C_COMMENT|revenue|3092147)
(31957|Customer#000031957|4839.94|15-534-290-4934|ETHIOPIA|,EHlo2e42FSZYx4dw2sPdum|beans. blithely even requests by the flu|27631.546199999997|CUSTKEY|C_NAME|C_ACCTBAL|C_PHONE|N_NAME|C_ADDRESS|C_COMMENT|revenue|3375686)
(31957|Customer#000031957|4839.94|15-534-290-4934|ETHIOPIA|,EHlo2e42FSZYx4dw2sPdum|beans. blithely even requests by the flu|59419.670999999995|CUSTKEY|C_NAME|C_ACCTBAL|C_PHONE|N_NAME|C_ADDRESS|C_COMMENT|revenue|3375688)
(31957|Customer#000031957|4839.94|15-534-290-4934|ETHIOPIA|,EHlo2e42FSZYx4dw2sPdum|beans. blithely even requests by the flu|31788.124799999998|CUSTKEY|C_NAME|C_ACCTBAL|C_PHONE|N_NAME|C_ADDRESS|C_COMMENT|revenue|3387029)
(31957|Customer#000031957|4839.94|15-534-290-4934|ETHIOPIA|,EHlo2e42FSZYx4dw2sPdum|beans. blithely even requests by the flu|0.0|CUSTKEY|C_NAME|C_ACCTBAL|C_PHONE|N_NAME|C_ADDRESS|C_COMMENT|revenue|3387029)
(37582|Customer#000037582|-370.51|16-764-974-4470|FRANCE|RZBkMOT09rud28spPrX|ses. blithely ironic dependencie|17125.2081|CUSTKEY|C_NAME|C_ACCTBAL|C_PHONE|N_NAME|C_ADDRESS|C_COMMENT|revenue|3740388)
(39685|Customer#000039685|-962.59|16-869-879-8505|FRANCE|AAoCsFbMEFwjENZJNYXABoh7IrXgBg|ke. express, final accounts are slyly ironic platelets. furiously regular dependencies |83900.08|CUSTKEY|C_NAME|C_ACCTBAL|C_PHONE|N_NAME|C_ADDRESS|C_COMMENT|revenue|3940808)
(37582|Customer#000037582|-370.51|16-764-974-4470|FRANCE|RZBkMOT09rud28spPrX|ses. blithely ironic dependencie|0.0|CUSTKEY|C_NAME|C_ACCTBAL|C_PHONE|N_NAME|C_ADDRESS|C_COMMENT|revenue|3993877)
(40271|Customer#000040271|6920.8|16-736-843-6116|FRANCE|BdyshmjsssuI|y special dependencies haggle final inst|26692.3602|CUSTKEY|C_NAME|C_ACCTBAL|C_PHONE|N_NAME|C_ADDRESS|C_COMMENT|revenue|4147776)
(40271|Customer#000040271|6920.8|16-736-843-6116|FRANCE|BdyshmjsssuI|y special dependencies haggle final inst|44833.6082|CUSTKEY|C_NAME|C_ACCTBAL|C_PHONE|N_NAME|C_ADDRESS|C_COMMENT|revenue|4147776)
(40271|Customer#000040271|6920.8|16-736-843-6116|FRANCE|BdyshmjsssuI|y special dependencies haggle final inst|49966.7132|CUSTKEY|C_NAME|C_ACCTBAL|C_PHONE|N_NAME|C_ADDRESS|C_COMMENT|revenue|4147776)
(39685|Customer#000039685|-962.59|16-869-879-8505|FRANCE|AAoCsFbMEFwjENZJNYXABoh7IrXgBg|ke. express, final accounts are slyly ironic platelets. furiously regular dependencies |0.0|CUSTKEY|C_NAME|C_ACCTBAL|C_PHONE|N_NAME|C_ADDRESS|C_COMMENT|revenue|4194685)
(41963|Customer#000041963|8697.98|17-442-102-3081|GERMANY|f8wmDDFhfIU7gD62k6yPI1RCB4pRsETSHfn|deposits-- deposits detect carefully above the idly regular packages|39447.405|CUSTKEY|C_NAME|C_ACCTBAL|C_PHONE|N_NAME|C_ADDRESS|C_COMMENT|revenue|4156520)
(41963|Customer#000041963|8697.98|17-442-102-3081|GERMANY|f8wmDDFhfIU7gD62k6yPI1RCB4pRsETSHfn|deposits-- deposits detect carefully above the idly regular packages|49416.6006|CUSTKEY|C_NAME|C_ACCTBAL|C_PHONE|N_NAME|C_ADDRESS|C_COMMENT|revenue|4156520)
(41963|Customer#000041963|8697.98|17-442-102-3081|GERMANY|f8wmDDFhfIU7gD62k6yPI1RCB4pRsETSHfn|deposits-- deposits detect carefully above the idly regular packages|104971.22279999999|CUSTKEY|C_NAME|C_ACCTBAL|C_PHONE|N_NAME|C_ADDRESS|C_COMMENT|revenue|4156520)
(40271|Customer#000040271|6920.8|16-736-843-6116|FRANCE|BdyshmjsssuI|y special dependencies haggle final inst|23274.353|CUSTKEY|C_NAME|C_ACCTBAL|C_PHONE|N_NAME|C_ADDRESS|C_COMMENT|revenue|4156521)
(40271|Customer#000040271|6920.8|16-736-843-6116|FRANCE|BdyshmjsssuI|y special dependencies haggle final inst|5133.105|CUSTKEY|C_NAME|C_ACCTBAL|C_PHONE|N_NAME|C_ADDRESS|C_COMMENT|revenue|4156521)
(40271|Customer#000040271|6920.8|16-736-843-6116|FRANCE|BdyshmjsssuI|y special dependencies haggle final inst|0.0|CUSTKEY|C_NAME|C_ACCTBAL|C_PHONE|N_NAME|C_ADDRESS|C_COMMENT|revenue|4156521)
(41963|Customer#000041963|8697.98|17-442-102-3081|GERMANY|f8wmDDFhfIU7gD62k6yPI1RCB4pRsETSHfn|deposits-- deposits detect carefully above the idly regular packages|65523.81779999999|CUSTKEY|C_NAME|C_ACCTBAL|C_PHONE|N_NAME|C_ADDRESS|C_COMMENT|revenue|4406201)
(41963|Customer#000041963|8697.98|17-442-102-3081|GERMANY|f8wmDDFhfIU7gD62k6yPI1RCB4pRsETSHfn|deposits-- deposits detect carefully above the idly regular packages|55554.62219999999|CUSTKEY|C_NAME|C_ACCTBAL|C_PHONE|N_NAME|C_ADDRESS|C_COMMENT|revenue|4406203)
(41963|Customer#000041963|8697.98|17-442-102-3081|GERMANY|f8wmDDFhfIU7gD62k6yPI1RCB4pRsETSHfn|deposits-- deposits detect carefully above the idly regular packages|-7.275957614183426E-12|CUSTKEY|C_NAME|C_ACCTBAL|C_PHONE|N_NAME|C_ADDRESS|C_COMMENT|revenue|4406207)
(52595|Customer#000052595|354.84|18-509-307-3269|INDIA|XkmAjsYiaQQI3UyAYRZQ0G je3C|are carefully blithely regular theodolites. blithely final foxes haggle along the |6528.96|CUSTKEY|C_NAME|C_ACCTBAL|C_PHONE|N_NAME|C_ADDRESS|C_COMMENT|revenue|5412576)
(52595|Customer#000052595|354.84|18-509-307-3269|INDIA|XkmAjsYiaQQI3UyAYRZQ0G je3C|are carefully blithely regular theodolites. blithely final foxes haggle along the |86759.73120000001|CUSTKEY|C_NAME|C_ACCTBAL|C_PHONE|N_NAME|C_ADDRESS|C_COMMENT|revenue|5412580)
(52595|Customer#000052595|354.84|18-509-307-3269|INDIA|XkmAjsYiaQQI3UyAYRZQ0G je3C|are carefully blithely regular theodolites. blithely final foxes haggle along the |130092.37120000001|CUSTKEY|C_NAME|C_ACCTBAL|C_PHONE|N_NAME|C_ADDRESS|C_COMMENT|revenue|5412584)
(52595|Customer#000052595|354.84|18-509-307-3269|INDIA|XkmAjsYiaQQI3UyAYRZQ0G je3C|are carefully blithely regular theodolites. blithely final foxes haggle along the |199698.4912|CUSTKEY|C_NAME|C_ACCTBAL|C_PHONE|N_NAME|C_ADDRESS|C_COMMENT|revenue|5412588)
(52595|Customer#000052595|354.84|18-509-307-3269|INDIA|XkmAjsYiaQQI3UyAYRZQ0G je3C|are carefully blithely regular theodolites. blithely final foxes haggle along the |193169.5312|CUSTKEY|C_NAME|C_ACCTBAL|C_PHONE|N_NAME|C_ADDRESS|C_COMMENT|revenue|5412576)
(52595|Customer#000052595|354.84|18-509-307-3269|INDIA|XkmAjsYiaQQI3UyAYRZQ0G je3C|are carefully blithely regular theodolites. blithely final foxes haggle along the |112938.76|CUSTKEY|C_NAME|C_ACCTBAL|C_PHONE|N_NAME|C_ADDRESS|C_COMMENT|revenue|5412580)
(52595|Customer#000052595|354.84|18-509-307-3269|INDIA|XkmAjsYiaQQI3UyAYRZQ0G je3C|are carefully blithely regular theodolites. blithely final foxes haggle along the |69606.12|CUSTKEY|C_NAME|C_ACCTBAL|C_PHONE|N_NAME|C_ADDRESS|C_COMMENT|revenue|5412584)
(52595|Customer#000052595|354.84|18-509-307-3269|INDIA|XkmAjsYiaQQI3UyAYRZQ0G je3C|are carefully blithely regular theodolites. blithely final foxes haggle along the |0.0|CUSTKEY|C_NAME|C_ACCTBAL|C_PHONE|N_NAME|C_ADDRESS|C_COMMENT|revenue|5412588)
(57721|Customer#000057721|300.03|19-579-716-6123|INDONESIA|ozNicz9BpqcUjMSsIevRgYWf38Tfa|carefully pending pinto beans. requests snooze slyly after the |31930.307500000003|CUSTKEY|C_NAME|C_ACCTBAL|C_PHONE|N_NAME|C_ADDRESS|C_COMMENT|revenue|5927498)
(59770|Customer#000059770|-8.13|19-975-309-3448|INDONESIA|1YKvAXnYEP,NmPR GBeKflSf|the permanently express theodolites. ironic packages wake about the blithely special ideas. foxes cajole regular, t|8277.2604|CUSTKEY|C_NAME|C_ACCTBAL|C_PHONE|N_NAME|C_ADDRESS|C_COMMENT|revenue|5968962)
(59770|Customer#000059770|-8.13|19-975-309-3448|INDONESIA|1YKvAXnYEP,NmPR GBeKflSf|the permanently express theodolites. ironic packages wake about the blithely special ideas. foxes cajole regular, t|86661.012|CUSTKEY|C_NAME|C_ACCTBAL|C_PHONE|N_NAME|C_ADDRESS|C_COMMENT|revenue|5968962)
(59770|Customer#000059770|-8.13|19-975-309-3448|INDONESIA|1YKvAXnYEP,NmPR GBeKflSf|the permanently express theodolites. ironic packages wake about the blithely special ideas. foxes cajole regular, t|113819.422|CUSTKEY|C_NAME|C_ACCTBAL|C_PHONE|N_NAME|C_ADDRESS|C_COMMENT|revenue|5968962)
(59770|Customer#000059770|-8.13|19-975-309-3448|INDONESIA|1YKvAXnYEP,NmPR GBeKflSf|the permanently express theodolites. ironic packages wake about the blithely special ideas. foxes cajole regular, t|175632.9196|CUSTKEY|C_NAME|C_ACCTBAL|C_PHONE|N_NAME|C_ADDRESS|C_COMMENT|revenue|5968962)
(57721|Customer#000057721|300.03|19-579-716-6123|INDONESIA|ozNicz9BpqcUjMSsIevRgYWf38Tfa|carefully pending pinto beans. requests snooze slyly after the |0.0|CUSTKEY|C_NAME|C_ACCTBAL|C_PHONE|N_NAME|C_ADDRESS|C_COMMENT|revenue|6014967)
(59527|Customer#000059527|487.46|20-638-540-5246|IRAN|r2a4LMv1DjQxWwOp8JLcPLpyee2wrH5,zUEJc|kly daring pinto beans wake always about the furiously even instructions. express, special ideas wake furious|6601.2944|CUSTKEY|C_NAME|C_ACCTBAL|C_PHONE|N_NAME|C_ADDRESS|C_COMMENT|revenue|5992526)
(59527|Customer#000059527|487.46|20-638-540-5246|IRAN|r2a4LMv1DjQxWwOp8JLcPLpyee2wrH5,zUEJc|kly daring pinto beans wake always about the furiously even instructions. express, special ideas wake furious|45803.899399999995|CUSTKEY|C_NAME|C_ACCTBAL|C_PHONE|N_NAME|C_ADDRESS|C_COMMENT|revenue|5992526)
(59527|Customer#000059527|487.46|20-638-540-5246|IRAN|r2a4LMv1DjQxWwOp8JLcPLpyee2wrH5,zUEJc|kly daring pinto beans wake always about the furiously even instructions. express, special ideas wake furious|82891.29139999999|CUSTKEY|C_NAME|C_ACCTBAL|C_PHONE|N_NAME|C_ADDRESS|C_COMMENT|revenue|5992526)
(59527|Customer#000059527|487.46|20-638-540-5246|IRAN|r2a4LMv1DjQxWwOp8JLcPLpyee2wrH5,zUEJc|kly daring pinto beans wake always about the furiously even instructions. express, special ideas wake furious|131510.75569999998|CUSTKEY|C_NAME|C_ACCTBAL|C_PHONE|N_NAME|C_ADDRESS|C_COMMENT|revenue|5992526)
(59770|Customer#000059770|-8.13|19-975-309-3448|INDONESIA|1YKvAXnYEP,NmPR GBeKflSf|the permanently express theodolites. ironic packages wake about the blithely special ideas. foxes cajole regular, t|167355.6592|CUSTKEY|C_NAME|C_ACCTBAL|C_PHONE|N_NAME|C_ADDRESS|C_COMMENT|revenue|5992527)
(59770|Customer#000059770|-8.13|19-975-309-3448|INDONESIA|1YKvAXnYEP,NmPR GBeKflSf|the permanently express theodolites. ironic packages wake about the blithely special ideas. foxes cajole regular, t|88971.90759999999|CUSTKEY|C_NAME|C_ACCTBAL|C_PHONE|N_NAME|C_ADDRESS|C_COMMENT|revenue|5992527)
(59770|Customer#000059770|-8.13|19-975-309-3448|INDONESIA|1YKvAXnYEP,NmPR GBeKflSf|the permanently express theodolites. ironic packages wake about the blithely special ideas. foxes cajole regular, t|61813.49759999999|CUSTKEY|C_NAME|C_ACCTBAL|C_PHONE|N_NAME|C_ADDRESS|C_COMMENT|revenue|5992527)
(59770|Customer#000059770|-8.13|19-975-309-3448|INDONESIA|1YKvAXnYEP,NmPR GBeKflSf|the permanently express theodolites. ironic packages wake about the blithely special ideas. foxes cajole regular, t|0.0|CUSTKEY|C_NAME|C_ACCTBAL|C_PHONE|N_NAME|C_ADDRESS|C_COMMENT|revenue|5992527)
(60922|Customer#000060922|8303.36|20-888-965-5742|IRAN|YofzTBDvuJVG|e final packages haggle furiously quickly ironic requests. blithely specia|46369.468799999995|CUSTKEY|C_NAME|C_ACCTBAL|C_PHONE|N_NAME|C_ADDRESS|C_COMMENT|revenue|6086468)
(60922|Customer#000060922|8303.36|20-888-965-5742|IRAN|YofzTBDvuJVG|e final packages haggle furiously quickly ironic requests. blithely specia|62835.26879999999|CUSTKEY|C_NAME|C_ACCTBAL|C_PHONE|N_NAME|C_ADDRESS|C_COMMENT|revenue|6086468)
(59527|Customer#000059527|487.46|20-638-540-5246|IRAN|r2a4LMv1DjQxWwOp8JLcPLpyee2wrH5,zUEJc|kly daring pinto beans wake always about the furiously even instructions. express, special ideas wake furious|124909.46129999998|CUSTKEY|C_NAME|C_ACCTBAL|C_PHONE|N_NAME|C_ADDRESS|C_COMMENT|revenue|6132625)
(59527|Customer#000059527|487.46|20-638-540-5246|IRAN|r2a4LMv1DjQxWwOp8JLcPLpyee2wrH5,zUEJc|kly daring pinto beans wake always about the furiously even instructions. express, special ideas wake furious|85706.85629999998|CUSTKEY|C_NAME|C_ACCTBAL|C_PHONE|N_NAME|C_ADDRESS|C_COMMENT|revenue|6132627)
(59527|Customer#000059527|487.46|20-638-540-5246|IRAN|r2a4LMv1DjQxWwOp8JLcPLpyee2wrH5,zUEJc|kly daring pinto beans wake always about the furiously even instructions. express, special ideas wake furious|48619.464299999985|CUSTKEY|C_NAME|C_ACCTBAL|C_PHONE|N_NAME|C_ADDRESS|C_COMMENT|revenue|6132629)
(59527|Customer#000059527|487.46|20-638-540-5246|IRAN|r2a4LMv1DjQxWwOp8JLcPLpyee2wrH5,zUEJc|kly daring pinto beans wake always about the furiously even instructions. express, special ideas wake furious|-1.4551915228366852E-11|CUSTKEY|C_NAME|C_ACCTBAL|C_PHONE|N_NAME|C_ADDRESS|C_COMMENT|revenue|6132631)
(60922|Customer#000060922|8303.36|20-888-965-5742|IRAN|YofzTBDvuJVG|e final packages haggle furiously quickly ironic requests. blithely specia|16465.799999999996|CUSTKEY|C_NAME|C_ACCTBAL|C_PHONE|N_NAME|C_ADDRESS|C_COMMENT|revenue|6319727)
(60922|Customer#000060922|8303.36|20-888-965-5742|IRAN|YofzTBDvuJVG|e final packages haggle furiously quickly ironic requests. blithely specia|-3.637978807091713E-12|CUSTKEY|C_NAME|C_ACCTBAL|C_PHONE|N_NAME|C_ADDRESS|C_COMMENT|revenue|6319729)
(64918|Customer#000064918|206.45|21-539-379-3577|IRAQ|ucBppO7hYghZir9qNrjvu3fBDZ7lWgea|fully inside the special braids. final pin|13656.306|CUSTKEY|C_NAME|C_ACCTBAL|C_PHONE|N_NAME|C_ADDRESS|C_COMMENT|revenue|6746816)
(64918|Customer#000064918|206.45|21-539-379-3577|IRAQ|ucBppO7hYghZir9qNrjvu3fBDZ7lWgea|fully inside the special braids. final pin|26940.764|CUSTKEY|C_NAME|C_ACCTBAL|C_PHONE|N_NAME|C_ADDRESS|C_COMMENT|revenue|6746816)
(64918|Customer#000064918|206.45|21-539-379-3577|IRAQ|ucBppO7hYghZir9qNrjvu3fBDZ7lWgea|fully inside the special braids. final pin|80950.2536|CUSTKEY|C_NAME|C_ACCTBAL|C_PHONE|N_NAME|C_ADDRESS|C_COMMENT|revenue|6746816)
(64918|Customer#000064918|206.45|21-539-379-3577|IRAQ|ucBppO7hYghZir9qNrjvu3fBDZ7lWgea|fully inside the special braids. final pin|130038.1925|CUSTKEY|C_NAME|C_ACCTBAL|C_PHONE|N_NAME|C_ADDRESS|C_COMMENT|revenue|6746816)
(64918|Customer#000064918|206.45|21-539-379-3577|IRAQ|ucBppO7hYghZir9qNrjvu3fBDZ7lWgea|fully inside the special braids. final pin|116381.88650000001|CUSTKEY|C_NAME|C_ACCTBAL|C_PHONE|N_NAME|C_ADDRESS|C_COMMENT|revenue|6749063)
(64918|Customer#000064918|206.45|21-539-379-3577|IRAQ|ucBppO7hYghZir9qNrjvu3fBDZ7lWgea|fully inside the special braids. final pin|103097.42850000001|CUSTKEY|C_NAME|C_ACCTBAL|C_PHONE|N_NAME|C_ADDRESS|C_COMMENT|revenue|6749063)
(64918|Customer#000064918|206.45|21-539-379-3577|IRAQ|ucBppO7hYghZir9qNrjvu3fBDZ7lWgea|fully inside the special braids. final pin|49087.93890000001|CUSTKEY|C_NAME|C_ACCTBAL|C_PHONE|N_NAME|C_ADDRESS|C_COMMENT|revenue|6749063)
(64918|Customer#000064918|206.45|21-539-379-3577|IRAQ|ucBppO7hYghZir9qNrjvu3fBDZ7lWgea|fully inside the special braids. final pin|7.275957614183426E-12|CUSTKEY|C_NAME|C_ACCTBAL|C_PHONE|N_NAME|C_ADDRESS|C_COMMENT|revenue|6749063)
(67630|Customer#000067630|7864.43|21-208-360-3993|IRAQ|twGnH6PkyZF|ggle carefully around the iron|5517.4616|CUSTKEY|C_NAME|C_ACCTBAL|C_PHONE|N_NAME|C_ADDRESS|C_COMMENT|revenue|6789178)
(67630|Customer#000067630|7864.43|21-208-360-3993|IRAQ|twGnH6PkyZF|ggle carefully around the iron|43283.861600000004|CUSTKEY|C_NAME|C_ACCTBAL|C_PHONE|N_NAME|C_ADDRESS|C_COMMENT|revenue|6789178)
(67630|Customer#000067630|7864.43|21-208-360-3993|IRAQ|twGnH6PkyZF|ggle carefully around the iron|76211.2106|CUSTKEY|C_NAME|C_ACCTBAL|C_PHONE|N_NAME|C_ADDRESS|C_COMMENT|revenue|6789178)
(67630|Customer#000067630|7864.43|21-208-360-3993|IRAQ|twGnH6PkyZF|ggle carefully around the iron|125847.9068|CUSTKEY|C_NAME|C_ACCTBAL|C_PHONE|N_NAME|C_ADDRESS|C_COMMENT|revenue|6789178)
(67630|Customer#000067630|7864.43|21-208-360-3993|IRAQ|twGnH6PkyZF|ggle carefully around the iron|120330.4452|CUSTKEY|C_NAME|C_ACCTBAL|C_PHONE|N_NAME|C_ADDRESS|C_COMMENT|revenue|7043091)
(67630|Customer#000067630|7864.43|21-208-360-3993|IRAQ|twGnH6PkyZF|ggle carefully around the iron|82564.0452|CUSTKEY|C_NAME|C_ACCTBAL|C_PHONE|N_NAME|C_ADDRESS|C_COMMENT|revenue|7043093)
(67630|Customer#000067630|7864.43|21-208-360-3993|IRAQ|twGnH6PkyZF|ggle carefully around the iron|49636.69619999999|CUSTKEY|C_NAME|C_ACCTBAL|C_PHONE|N_NAME|C_ADDRESS|C_COMMENT|revenue|7043095)
(67630|Customer#000067630|7864.43|21-208-360-3993|IRAQ|twGnH6PkyZF|ggle carefully around the iron|-7.275957614183426E-12|CUSTKEY|C_NAME|C_ACCTBAL|C_PHONE|N_NAME|C_ADDRESS|C_COMMENT|revenue|7043101)
(69035|Customer#000069035|2042.11|21-902-809-7124|IRAQ|XBHCjxWzOtZgxwf0zG, jqM4fdfKbJoV0y|ely regular packages do wake blithely? special deposits use|14653.116|CUSTKEY|C_NAME|C_ACCTBAL|C_PHONE|N_NAME|C_ADDRESS|C_COMMENT|revenue|7050532)
(69035|Customer#000069035|2042.11|21-902-809-7124|IRAQ|XBHCjxWzOtZgxwf0zG, jqM4fdfKbJoV0y|ely regular packages do wake blithely? special deposits use|23117.306|CUSTKEY|C_NAME|C_ACCTBAL|C_PHONE|N_NAME|C_ADDRESS|C_COMMENT|revenue|7050532)
(69035|Customer#000069035|2042.11|21-902-809-7124|IRAQ|XBHCjxWzOtZgxwf0zG, jqM4fdfKbJoV0y|ely regular packages do wake blithely? special deposits use|8464.19|CUSTKEY|C_NAME|C_ACCTBAL|C_PHONE|N_NAME|C_ADDRESS|C_COMMENT|revenue|7168997)
(69035|Customer#000069035|2042.11|21-902-809-7124|IRAQ|XBHCjxWzOtZgxwf0zG, jqM4fdfKbJoV0y|ely regular packages do wake blithely? special deposits use|0.0|CUSTKEY|C_NAME|C_ACCTBAL|C_PHONE|N_NAME|C_ADDRESS|C_COMMENT|revenue|7168997)
(71014|Customer#000071014|227.27|22-301-412-9589|JAPAN|qp76vmSv0,5IXKroJuJcsSy625raJ4s4bORUZSv| accounts after the bold, bold deposits boost carefully around the express re|9591.792|CUSTKEY|C_NAME|C_ACCTBAL|C_PHONE|N_NAME|C_ADDRESS|C_COMMENT|revenue|7216530)
(70969|Customer#000070969|5316.22|22-693-970-1444|JAPAN|D61oVRBN9U tP8VC9Y8yxzANtDAe f18UNN| boost among the slyly final requests. quickly unu|5924.609600000001|CUSTKEY|C_NAME|C_ACCTBAL|C_PHONE|N_NAME|C_ADDRESS|C_COMMENT|revenue|7231196)
(71449|Customer#000071449|9847.88|22-432-214-2217|JAPAN|bc4JcdLkelSaWG v|e fluffily regular requests. deposits sleep quickly near the|32971.32000000001|CUSTKEY|C_NAME|C_ACCTBAL|C_PHONE|N_NAME|C_ADDRESS|C_COMMENT|revenue|7292438)
(71449|Customer#000071449|9847.88|22-432-214-2217|JAPAN|bc4JcdLkelSaWG v|e fluffily regular requests. deposits sleep quickly near the|68785.56|CUSTKEY|C_NAME|C_ACCTBAL|C_PHONE|N_NAME|C_ADDRESS|C_COMMENT|revenue|7292438)
(71449|Customer#000071449|9847.88|22-432-214-2217|JAPAN|bc4JcdLkelSaWG v|e fluffily regular requests. deposits sleep quickly near the|130924.76|CUSTKEY|C_NAME|C_ACCTBAL|C_PHONE|N_NAME|C_ADDRESS|C_COMMENT|revenue|7292438)
(70969|Customer#000070969|5316.22|22-693-970-1444|JAPAN|D61oVRBN9U tP8VC9Y8yxzANtDAe f18UNN| boost among the slyly final requests. quickly unu|0.0|CUSTKEY|C_NAME|C_ACCTBAL|C_PHONE|N_NAME|C_ADDRESS|C_COMMENT|revenue|7366267)
(71014|Customer#000071014|227.27|22-301-412-9589|JAPAN|qp76vmSv0,5IXKroJuJcsSy625raJ4s4bORUZSv| accounts after the bold, bold deposits boost carefully around the express re|0.0|CUSTKEY|C_NAME|C_ACCTBAL|C_PHONE|N_NAME|C_ADDRESS|C_COMMENT|revenue|7370857)
(71449|Customer#000071449|9847.88|22-432-214-2217|JAPAN|bc4JcdLkelSaWG v|e fluffily regular requests. deposits sleep quickly near the|97953.43999999999|CUSTKEY|C_NAME|C_ACCTBAL|C_PHONE|N_NAME|C_ADDRESS|C_COMMENT|revenue|7415227)
(71449|Customer#000071449|9847.88|22-432-214-2217|JAPAN|bc4JcdLkelSaWG v|e fluffily regular requests. deposits sleep quickly near the|62139.19999999999|CUSTKEY|C_NAME|C_ACCTBAL|C_PHONE|N_NAME|C_ADDRESS|C_COMMENT|revenue|7415227)
(71449|Customer#000071449|9847.88|22-432-214-2217|JAPAN|bc4JcdLkelSaWG v|e fluffily regular requests. deposits sleep quickly near the|-7.275957614183426E-12|CUSTKEY|C_NAME|C_ACCTBAL|C_PHONE|N_NAME|C_ADDRESS|C_COMMENT|revenue|7415227)
(82786|Customer#000082786|8253.06|23-612-709-2463|JORDAN|EZCHhHuKRtMJyJi,DAyX0JGavmWUuJ|es according to the slowly bold excuses nod carefully pl|9564.702|CUSTKEY|C_NAME|C_ACCTBAL|C_PHONE|N_NAME|C_ADDRESS|C_COMMENT|revenue|8316602)
(82786|Customer#000082786|8253.06|23-612-709-2463|JORDAN|EZCHhHuKRtMJyJi,DAyX0JGavmWUuJ|es according to the slowly bold excuses nod carefully pl|43207.67519999999|CUSTKEY|C_NAME|C_ACCTBAL|C_PHONE|N_NAME|C_ADDRESS|C_COMMENT|revenue|8316602)
(82786|Customer#000082786|8253.06|23-612-709-2463|JORDAN|EZCHhHuKRtMJyJi,DAyX0JGavmWUuJ|es according to the slowly bold excuses nod carefully pl|33642.97319999999|CUSTKEY|C_NAME|C_ACCTBAL|C_PHONE|N_NAME|C_ADDRESS|C_COMMENT|revenue|8406491)
(82786|Customer#000082786|8253.06|23-612-709-2463|JORDAN|EZCHhHuKRtMJyJi,DAyX0JGavmWUuJ|es according to the slowly bold excuses nod carefully pl|0.0|CUSTKEY|C_NAME|C_ACCTBAL|C_PHONE|N_NAME|C_ADDRESS|C_COMMENT|revenue|8406493)
(83777|Customer#000083777|6846.47|23-437-748-6590|JORDAN|KJJeCy2Lhdn3A|, express accounts must was fluffily fluffily |51825.6935|CUSTKEY|C_NAME|C_ACCTBAL|C_PHONE|N_NAME|C_ADDRESS|C_COMMENT|revenue|8417684)
(83777|Customer#000083777|6846.47|23-437-748-6590|JORDAN|KJJeCy2Lhdn3A|, express accounts must was fluffily fluffily |0.0|CUSTKEY|C_NAME|C_ACCTBAL|C_PHONE|N_NAME|C_ADDRESS|C_COMMENT|revenue|8440535)
(88783|Customer#000088783|9157.84|25-938-684-7713|MOROCCO|BQJVMZIUxR4ukX0MCuzwnPrZ4D|ly bold courts. carefully thin pinto beans wake furiously regular asymptotes. unusual, busy platelets haggle about |41326.65|CUSTKEY|C_NAME|C_ACCTBAL|C_PHONE|N_NAME|C_ADDRESS|C_COMMENT|revenue|9052536)
(88783|Customer#000088783|9157.84|25-938-684-7713|MOROCCO|BQJVMZIUxR4ukX0MCuzwnPrZ4D|ly bold courts. carefully thin pinto beans wake furiously regular asymptotes. unusual, busy platelets haggle about |90886.04000000001|CUSTKEY|C_NAME|C_ACCTBAL|C_PHONE|N_NAME|C_ADDRESS|C_COMMENT|revenue|9052536)
(90053|Customer#000090053|7288.16|25-557-796-7407|MOROCCO|Rwi0BicHYlrM9wWfwhBTFLAZ|es are furiously bold theodolites. carefully regular p|47353.264800000004|CUSTKEY|C_NAME|C_ACCTBAL|C_PHONE|N_NAME|C_ADDRESS|C_COMMENT|revenue|9057840)
(88783|Customer#000088783|9157.84|25-938-684-7713|MOROCCO|BQJVMZIUxR4ukX0MCuzwnPrZ4D|ly bold courts. carefully thin pinto beans wake furiously regular asymptotes. unusual, busy platelets haggle about |49559.39000000001|CUSTKEY|C_NAME|C_ACCTBAL|C_PHONE|N_NAME|C_ADDRESS|C_COMMENT|revenue|9176159)
(88783|Customer#000088783|9157.84|25-938-684-7713|MOROCCO|BQJVMZIUxR4ukX0MCuzwnPrZ4D|ly bold courts. carefully thin pinto beans wake furiously regular asymptotes. unusual, busy platelets haggle about |7.275957614183426E-12|CUSTKEY|C_NAME|C_ACCTBAL|C_PHONE|N_NAME|C_ADDRESS|C_COMMENT|revenue|9176159)
(90053|Customer#000090053|7288.16|25-557-796-7407|MOROCCO|Rwi0BicHYlrM9wWfwhBTFLAZ|es are furiously bold theodolites. carefully regular p|0.0|CUSTKEY|C_NAME|C_ACCTBAL|C_PHONE|N_NAME|C_ADDRESS|C_COMMENT|revenue|9224557)
(94255|Customer#000094255|1840.41|26-724-494-3479|MOZAMBIQUE|GG6v7YMNjUtXrXX7qu|ts haggle along the slyly regular forges. special, bold packages are thinly after the pending, e|32589.693|CUSTKEY|C_NAME|C_ACCTBAL|C_PHONE|N_NAME|C_ADDRESS|C_COMMENT|revenue|9664538)
(94255|Customer#000094255|1840.41|26-724-494-3479|MOZAMBIQUE|GG6v7YMNjUtXrXX7qu|ts haggle along the slyly regular forges. special, bold packages are thinly after the pending, e|76969.014|CUSTKEY|C_NAME|C_ACCTBAL|C_PHONE|N_NAME|C_ADDRESS|C_COMMENT|revenue|9664538)
(94255|Customer#000094255|1840.41|26-724-494-3479|MOZAMBIQUE|GG6v7YMNjUtXrXX7qu|ts haggle along the slyly regular forges. special, bold packages are thinly after the pending, e|117051.661|CUSTKEY|C_NAME|C_ACCTBAL|C_PHONE|N_NAME|C_ADDRESS|C_COMMENT|revenue|9664538)
(94255|Customer#000094255|1840.41|26-724-494-3479|MOZAMBIQUE|GG6v7YMNjUtXrXX7qu|ts haggle along the slyly regular forges. special, bold packages are thinly after the pending, e|142802.5918|CUSTKEY|C_NAME|C_ACCTBAL|C_PHONE|N_NAME|C_ADDRESS|C_COMMENT|revenue|9664538)
(96031|Customer#000096031|-525.55|26-591-374-1232|MOZAMBIQUE|BHGrXRCbL9| special packages. requests after the fl|3463.548|CUSTKEY|C_NAME|C_ACCTBAL|C_PHONE|N_NAME|C_ADDRESS|C_COMMENT|revenue|9727804)
(96031|Customer#000096031|-525.55|26-591-374-1232|MOZAMBIQUE|BHGrXRCbL9| special packages. requests after the fl|6127.9608|CUSTKEY|C_NAME|C_ACCTBAL|C_PHONE|N_NAME|C_ADDRESS|C_COMMENT|revenue|9727812)
(94255|Customer#000094255|1840.41|26-724-494-3479|MOZAMBIQUE|GG6v7YMNjUtXrXX7qu|ts haggle along the slyly regular forges. special, bold packages are thinly after the pending, e|110212.8988|CUSTKEY|C_NAME|C_ACCTBAL|C_PHONE|N_NAME|C_ADDRESS|C_COMMENT|revenue|9741447)
(94255|Customer#000094255|1840.41|26-724-494-3479|MOZAMBIQUE|GG6v7YMNjUtXrXX7qu|ts haggle along the slyly regular forges. special, bold packages are thinly after the pending, e|65833.5778|CUSTKEY|C_NAME|C_ACCTBAL|C_PHONE|N_NAME|C_ADDRESS|C_COMMENT|revenue|9741447)
(94255|Customer#000094255|1840.41|26-724-494-3479|MOZAMBIQUE|GG6v7YMNjUtXrXX7qu|ts haggle along the slyly regular forges. special, bold packages are thinly after the pending, e|25750.930800000002|CUSTKEY|C_NAME|C_ACCTBAL|C_PHONE|N_NAME|C_ADDRESS|C_COMMENT|revenue|9741447)
(94255|Customer#000094255|1840.41|26-724-494-3479|MOZAMBIQUE|GG6v7YMNjUtXrXX7qu|ts haggle along the slyly regular forges. special, bold packages are thinly after the pending, e|3.637978807091713E-12|CUSTKEY|C_NAME|C_ACCTBAL|C_PHONE|N_NAME|C_ADDRESS|C_COMMENT|revenue|9741447)
(96031|Customer#000096031|-525.55|26-591-374-1232|MOZAMBIQUE|BHGrXRCbL9| special packages. requests after the fl|2664.4128|CUSTKEY|C_NAME|C_ACCTBAL|C_PHONE|N_NAME|C_ADDRESS|C_COMMENT|revenue|9982805)
(96031|Customer#000096031|-525.55|26-591-374-1232|MOZAMBIQUE|BHGrXRCbL9| special packages. requests after the fl|0.0|CUSTKEY|C_NAME|C_ACCTBAL|C_PHONE|N_NAME|C_ADDRESS|C_COMMENT|revenue|9982813)
(100256|Customer#000100256|7124.94|26-718-275-4275|MOZAMBIQUE|4adIgr,bqfu T2BK9Jl|ns run at the blithely final instructions. special deposits cajole slyly carefully i|59287.125|CUSTKEY|C_NAME|C_ACCTBAL|C_PHONE|N_NAME|C_ADDRESS|C_COMMENT|revenue|10098548)
(100256|Customer#000100256|7124.94|26-718-275-4275|MOZAMBIQUE|4adIgr,bqfu T2BK9Jl|ns run at the blithely final instructions. special deposits cajole slyly carefully i|89231.745|CUSTKEY|C_NAME|C_ACCTBAL|C_PHONE|N_NAME|C_ADDRESS|C_COMMENT|revenue|10098548)
(100256|Customer#000100256|7124.94|26-718-275-4275|MOZAMBIQUE|4adIgr,bqfu T2BK9Jl|ns run at the blithely final instructions. special deposits cajole slyly carefully i|29944.619999999995|CUSTKEY|C_NAME|C_ACCTBAL|C_PHONE|N_NAME|C_ADDRESS|C_COMMENT|revenue|10320029)
(100256|Customer#000100256|7124.94|26-718-275-4275|MOZAMBIQUE|4adIgr,bqfu T2BK9Jl|ns run at the blithely final instructions. special deposits cajole slyly carefully i|-7.275957614183426E-12|CUSTKEY|C_NAME|C_ACCTBAL|C_PHONE|N_NAME|C_ADDRESS|C_COMMENT|revenue|10320031)
(100000|Customer#000100000|4840.82|27-488-516-6598|PERU|Y0wsoJZmr uEKKc9sM| according to the regular pains. |20604.292800000003|CUSTKEY|C_NAME|C_ACCTBAL|C_PHONE|N_NAME|C_ADDRESS|C_COMMENT|revenue|10289260)
(100000|Customer#000100000|4840.82|27-488-516-6598|PERU|Y0wsoJZmr uEKKc9sM| according to the regular pains. |75446.70000000001|CUSTKEY|C_NAME|C_ACCTBAL|C_PHONE|N_NAME|C_ADDRESS|C_COMMENT|revenue|10289264)
(100000|Customer#000100000|4840.82|27-488-516-6598|PERU|Y0wsoJZmr uEKKc9sM| according to the regular pains. |103332.32700000002|CUSTKEY|C_NAME|C_ACCTBAL|C_PHONE|N_NAME|C_ADDRESS|C_COMMENT|revenue|10289266)
(100000|Customer#000100000|4840.82|27-488-516-6598|PERU|Y0wsoJZmr uEKKc9sM| according to the regular pains. |82728.03420000002|CUSTKEY|C_NAME|C_ACCTBAL|C_PHONE|N_NAME|C_ADDRESS|C_COMMENT|revenue|10327439)
(100000|Customer#000100000|4840.82|27-488-516-6598|PERU|Y0wsoJZmr uEKKc9sM| according to the regular pains. |27885.627000000022|CUSTKEY|C_NAME|C_ACCTBAL|C_PHONE|N_NAME|C_ADDRESS|C_COMMENT|revenue|10327439)
(100000|Customer#000100000|4840.82|27-488-516-6598|PERU|Y0wsoJZmr uEKKc9sM| according to the regular pains. |2.1827872842550278E-11|CUSTKEY|C_NAME|C_ACCTBAL|C_PHONE|N_NAME|C_ADDRESS|C_COMMENT|revenue|10327439)
(103696|Customer#000103696|7991.7|27-334-285-4773|PERU|ZkeF2E wouJ2OhRNBcOWSbsO1WoHJG412bO| even requests sleep accounts. furiously express instructions detec|55246.253|CUSTKEY|C_NAME|C_ACCTBAL|C_PHONE|N_NAME|C_ADDRESS|C_COMMENT|revenue|10449430)
(103696|Customer#000103696|7991.7|27-334-285-4773|PERU|ZkeF2E wouJ2OhRNBcOWSbsO1WoHJG412bO| even requests sleep accounts. furiously express instructions detec|64338.5656|CUSTKEY|C_NAME|C_ACCTBAL|C_PHONE|N_NAME|C_ADDRESS|C_COMMENT|revenue|10449430)
(103696|Customer#000103696|7991.7|27-334-285-4773|PERU|ZkeF2E wouJ2OhRNBcOWSbsO1WoHJG412bO| even requests sleep accounts. furiously express instructions detec|127323.7696|CUSTKEY|C_NAME|C_ACCTBAL|C_PHONE|N_NAME|C_ADDRESS|C_COMMENT|revenue|10449430)
(103966|Customer#000103966|8681.74|27-716-570-4142|PERU|j6ycQ7exeJPG,QBNI7CIsX4rXKlrKFKVAPcmw|yly regular excuses. furiously unusual requests across th|8012.07|CUSTKEY|C_NAME|C_ACCTBAL|C_PHONE|N_NAME|C_ADDRESS|C_COMMENT|revenue|10582214)
(103696|Customer#000103696|7991.7|27-334-285-4773|PERU|ZkeF2E wouJ2OhRNBcOWSbsO1WoHJG412bO| even requests sleep accounts. furiously express instructions detec|72077.5166|CUSTKEY|C_NAME|C_ACCTBAL|C_PHONE|N_NAME|C_ADDRESS|C_COMMENT|revenue|10696145)
(103696|Customer#000103696|7991.7|27-334-285-4773|PERU|ZkeF2E wouJ2OhRNBcOWSbsO1WoHJG412bO| even requests sleep accounts. furiously express instructions detec|62985.204|CUSTKEY|C_NAME|C_ACCTBAL|C_PHONE|N_NAME|C_ADDRESS|C_COMMENT|revenue|10696155)
(103696|Customer#000103696|7991.7|27-334-285-4773|PERU|ZkeF2E wouJ2OhRNBcOWSbsO1WoHJG412bO| even requests sleep accounts. furiously express instructions detec|0.0|CUSTKEY|C_NAME|C_ACCTBAL|C_PHONE|N_NAME|C_ADDRESS|C_COMMENT|revenue|10696159)
(103700|Customer#000103700|4538.79|27-759-968-6383|PERU|0r,,3Cu7DpK1P3Rg9OjzUd1s cWA|ly regular deposits. slyly unusual requests during the blithely regular deposits integrate fluffily furio|64199.0258|CUSTKEY|C_NAME|C_ACCTBAL|C_PHONE|N_NAME|C_ADDRESS|C_COMMENT|revenue|10710360)
(103700|Customer#000103700|4538.79|27-759-968-6383|PERU|0r,,3Cu7DpK1P3Rg9OjzUd1s cWA|ly regular deposits. slyly unusual requests during the blithely regular deposits integrate fluffily furio|98766.3698|CUSTKEY|C_NAME|C_ACCTBAL|C_PHONE|N_NAME|C_ADDRESS|C_COMMENT|revenue|10710368)
(103700|Customer#000103700|4538.79|27-759-968-6383|PERU|0r,,3Cu7DpK1P3Rg9OjzUd1s cWA|ly regular deposits. slyly unusual requests during the blithely regular deposits integrate fluffily furio|136087.10820000002|CUSTKEY|C_NAME|C_ACCTBAL|C_PHONE|N_NAME|C_ADDRESS|C_COMMENT|revenue|10710374)
(103700|Customer#000103700|4538.79|27-759-968-6383|PERU|0r,,3Cu7DpK1P3Rg9OjzUd1s cWA|ly regular deposits. slyly unusual requests during the blithely regular deposits integrate fluffily furio|71888.08240000001|CUSTKEY|C_NAME|C_ACCTBAL|C_PHONE|N_NAME|C_ADDRESS|C_COMMENT|revenue|10710360)
(103700|Customer#000103700|4538.79|27-759-968-6383|PERU|0r,,3Cu7DpK1P3Rg9OjzUd1s cWA|ly regular deposits. slyly unusual requests during the blithely regular deposits integrate fluffily furio|37320.73840000002|CUSTKEY|C_NAME|C_ACCTBAL|C_PHONE|N_NAME|C_ADDRESS|C_COMMENT|revenue|10710368)
(103700|Customer#000103700|4538.79|27-759-968-6383|PERU|0r,,3Cu7DpK1P3Rg9OjzUd1s cWA|ly regular deposits. slyly unusual requests during the blithely regular deposits integrate fluffily furio|1.4551915228366852E-11|CUSTKEY|C_NAME|C_ACCTBAL|C_PHONE|N_NAME|C_ADDRESS|C_COMMENT|revenue|10710374)
(103966|Customer#000103966|8681.74|27-716-570-4142|PERU|j6ycQ7exeJPG,QBNI7CIsX4rXKlrKFKVAPcmw|yly regular excuses. furiously unusual requests across th|0.0|CUSTKEY|C_NAME|C_ACCTBAL|C_PHONE|N_NAME|C_ADDRESS|C_COMMENT|revenue|10731971)
(106609|Customer#000106609|6239.71|27-686-505-7063|PERU|5TeUQlkDM8d|quests around the express deposits dete|53477.727999999996|CUSTKEY|C_NAME|C_ACCTBAL|C_PHONE|N_NAME|C_ADDRESS|C_COMMENT|revenue|10746556)
(106609|Customer#000106609|6239.71|27-686-505-7063|PERU|5TeUQlkDM8d|quests around the express deposits dete|76251.904|CUSTKEY|C_NAME|C_ACCTBAL|C_PHONE|N_NAME|C_ADDRESS|C_COMMENT|revenue|10746556)
(106609|Customer#000106609|6239.71|27-686-505-7063|PERU|5TeUQlkDM8d|quests around the express deposits dete|91530.08119999999|CUSTKEY|C_NAME|C_ACCTBAL|C_PHONE|N_NAME|C_ADDRESS|C_COMMENT|revenue|10746556)
(106609|Customer#000106609|6239.71|27-686-505-7063|PERU|5TeUQlkDM8d|quests around the express deposits dete|112824.50119999998|CUSTKEY|C_NAME|C_ACCTBAL|C_PHONE|N_NAME|C_ADDRESS|C_COMMENT|revenue|10746556)
(106609|Customer#000106609|6239.71|27-686-505-7063|PERU|5TeUQlkDM8d|quests around the express deposits dete|59346.77319999999|CUSTKEY|C_NAME|C_ACCTBAL|C_PHONE|N_NAME|C_ADDRESS|C_COMMENT|revenue|10840749)
(106609|Customer#000106609|6239.71|27-686-505-7063|PERU|5TeUQlkDM8d|quests around the express deposits dete|36572.59719999999|CUSTKEY|C_NAME|C_ACCTBAL|C_PHONE|N_NAME|C_ADDRESS|C_COMMENT|revenue|10840751)
(106609|Customer#000106609|6239.71|27-686-505-7063|PERU|5TeUQlkDM8d|quests around the express deposits dete|21294.41999999999|CUSTKEY|C_NAME|C_ACCTBAL|C_PHONE|N_NAME|C_ADDRESS|C_COMMENT|revenue|10840755)
(106609|Customer#000106609|6239.71|27-686-505-7063|PERU|5TeUQlkDM8d|quests around the express deposits dete|-7.275957614183426E-12|CUSTKEY|C_NAME|C_ACCTBAL|C_PHONE|N_NAME|C_ADDRESS|C_COMMENT|revenue|10840765)
(107032|Customer#000107032|-434.04|28-391-276-3788|CHINA|GlcnXs4dEJuM7|ccounts serve slyly. final theodolites since the blithely pending deposits are acc|46218.8496|CUSTKEY|C_NAME|C_ACCTBAL|C_PHONE|N_NAME|C_ADDRESS|C_COMMENT|revenue|10888542)
(107032|Customer#000107032|-434.04|28-391-276-3788|CHINA|GlcnXs4dEJuM7|ccounts serve slyly. final theodolites since the blithely pending deposits are acc|0.0|CUSTKEY|C_NAME|C_ACCTBAL|C_PHONE|N_NAME|C_ADDRESS|C_COMMENT|revenue|11044705)
(111029|Customer#000111029|5426.91|28-395-227-5245|CHINA|bWgHLjBygTISRI,z6s zIjTfR8SWb4| furiously unusual pinto beans. carefully ironic requests are sometimes ironic packages. f|39884.292|CUSTKEY|C_NAME|C_ACCTBAL|C_PHONE|N_NAME|C_ADDRESS|C_COMMENT|revenue|11197398)
(111029|Customer#000111029|5426.91|28-395-227-5245|CHINA|bWgHLjBygTISRI,z6s zIjTfR8SWb4| furiously unusual pinto beans. carefully ironic requests are sometimes ironic packages. f|0.0|CUSTKEY|C_NAME|C_ACCTBAL|C_PHONE|N_NAME|C_ADDRESS|C_COMMENT|revenue|11338809)
(113533|Customer#000113533|5328.58|29-577-383-2613|ROMANIA|OWTm,Mcv1kEYfDiVX2|y even accounts maintain ruthlessly r|42321.888|CUSTKEY|C_NAME|C_ACCTBAL|C_PHONE|N_NAME|C_ADDRESS|C_COMMENT|revenue|11500544)
(113533|Customer#000113533|5328.58|29-577-383-2613|ROMANIA|OWTm,Mcv1kEYfDiVX2|y even accounts maintain ruthlessly r|57569.2016|CUSTKEY|C_NAME|C_ACCTBAL|C_PHONE|N_NAME|C_ADDRESS|C_COMMENT|revenue|11500544)
(113533|Customer#000113533|5328.58|29-577-383-2613|ROMANIA|OWTm,Mcv1kEYfDiVX2|y even accounts maintain ruthlessly r|134340.24560000002|CUSTKEY|C_NAME|C_ACCTBAL|C_PHONE|N_NAME|C_ADDRESS|C_COMMENT|revenue|11500544)
(113533|Customer#000113533|5328.58|29-577-383-2613|ROMANIA|OWTm,Mcv1kEYfDiVX2|y even accounts maintain ruthlessly r|136628.44060000003|CUSTKEY|C_NAME|C_ACCTBAL|C_PHONE|N_NAME|C_ADDRESS|C_COMMENT|revenue|11500544)
(113243|Customer#000113243|307.64|29-433-827-4754|ROMANIA|j8hDM7opF5ir6J0ai paQeo70fYrHh9fH|ymptotes haggle quickly. bold, bo|50721.688|CUSTKEY|C_NAME|C_ACCTBAL|C_PHONE|N_NAME|C_ADDRESS|C_COMMENT|revenue|11544390)
(113243|Customer#000113243|307.64|29-433-827-4754|ROMANIA|j8hDM7opF5ir6J0ai paQeo70fYrHh9fH|ymptotes haggle quickly. bold, bo|57771.312000000005|CUSTKEY|C_NAME|C_ACCTBAL|C_PHONE|N_NAME|C_ADDRESS|C_COMMENT|revenue|11544394)
(113243|Customer#000113243|307.64|29-433-827-4754|ROMANIA|j8hDM7opF5ir6J0ai paQeo70fYrHh9fH|ymptotes haggle quickly. bold, bo|84875.01150000001|CUSTKEY|C_NAME|C_ACCTBAL|C_PHONE|N_NAME|C_ADDRESS|C_COMMENT|revenue|11544398)
(113243|Customer#000113243|307.64|29-433-827-4754|ROMANIA|j8hDM7opF5ir6J0ai paQeo70fYrHh9fH|ymptotes haggle quickly. bold, bo|98028.7635|CUSTKEY|C_NAME|C_ACCTBAL|C_PHONE|N_NAME|C_ADDRESS|C_COMMENT|revenue|11544400)
(113243|Customer#000113243|307.64|29-433-827-4754|ROMANIA|j8hDM7opF5ir6J0ai paQeo70fYrHh9fH|ymptotes haggle quickly. bold, bo|108346.6341|CUSTKEY|C_NAME|C_ACCTBAL|C_PHONE|N_NAME|C_ADDRESS|C_COMMENT|revenue|11544406)
(113533|Customer#000113533|5328.58|29-577-383-2613|ROMANIA|OWTm,Mcv1kEYfDiVX2|y even accounts maintain ruthlessly r|94306.55260000002|CUSTKEY|C_NAME|C_ACCTBAL|C_PHONE|N_NAME|C_ADDRESS|C_COMMENT|revenue|11626167)
(113533|Customer#000113533|5328.58|29-577-383-2613|ROMANIA|OWTm,Mcv1kEYfDiVX2|y even accounts maintain ruthlessly r|79059.23900000003|CUSTKEY|C_NAME|C_ACCTBAL|C_PHONE|N_NAME|C_ADDRESS|C_COMMENT|revenue|11626167)
(113533|Customer#000113533|5328.58|29-577-383-2613|ROMANIA|OWTm,Mcv1kEYfDiVX2|y even accounts maintain ruthlessly r|2288.1950000000215|CUSTKEY|C_NAME|C_ACCTBAL|C_PHONE|N_NAME|C_ADDRESS|C_COMMENT|revenue|11626167)
(113533|Customer#000113533|5328.58|29-577-383-2613|ROMANIA|OWTm,Mcv1kEYfDiVX2|y even accounts maintain ruthlessly r|2.1373125491663814E-11|CUSTKEY|C_NAME|C_ACCTBAL|C_PHONE|N_NAME|C_ADDRESS|C_COMMENT|revenue|11626167)
(113243|Customer#000113243|307.64|29-433-827-4754|ROMANIA|j8hDM7opF5ir6J0ai paQeo70fYrHh9fH|ymptotes haggle quickly. bold, bo|57624.946099999994|CUSTKEY|C_NAME|C_ACCTBAL|C_PHONE|N_NAME|C_ADDRESS|C_COMMENT|revenue|11678229)
(113243|Customer#000113243|307.64|29-433-827-4754|ROMANIA|j8hDM7opF5ir6J0ai paQeo70fYrHh9fH|ymptotes haggle quickly. bold, bo|50575.32209999999|CUSTKEY|C_NAME|C_ACCTBAL|C_PHONE|N_NAME|C_ADDRESS|C_COMMENT|revenue|11678229)
(113243|Customer#000113243|307.64|29-433-827-4754|ROMANIA|j8hDM7opF5ir6J0ai paQeo70fYrHh9fH|ymptotes haggle quickly. bold, bo|23471.62259999999|CUSTKEY|C_NAME|C_ACCTBAL|C_PHONE|N_NAME|C_ADDRESS|C_COMMENT|revenue|11678229)
(113243|Customer#000113243|307.64|29-433-827-4754|ROMANIA|j8hDM7opF5ir6J0ai paQeo70fYrHh9fH|ymptotes haggle quickly. bold, bo|10317.870599999991|CUSTKEY|C_NAME|C_ACCTBAL|C_PHONE|N_NAME|C_ADDRESS|C_COMMENT|revenue|11678229)
(113243|Customer#000113243|307.64|29-433-827-4754|ROMANIA|j8hDM7opF5ir6J0ai paQeo70fYrHh9fH|ymptotes haggle quickly. bold, bo|-9.094947017729282E-12|CUSTKEY|C_NAME|C_ACCTBAL|C_PHONE|N_NAME|C_ADDRESS|C_COMMENT|revenue|11678229)
(116089|Customer#000116089|5188.94|29-352-547-1394|ROMANIA|uwc9UWkwOtw8jJ0H9ryZxWa82bohJKkfylwf|e furiously pending accounts doubt bold courts. ironic deposits are carefully according|41771.184|CUSTKEY|C_NAME|C_ACCTBAL|C_PHONE|N_NAME|C_ADDRESS|C_COMMENT|revenue|11713520)
(116089|Customer#000116089|5188.94|29-352-547-1394|ROMANIA|uwc9UWkwOtw8jJ0H9ryZxWa82bohJKkfylwf|e furiously pending accounts doubt bold courts. ironic deposits are carefully according|93082.3604|CUSTKEY|C_NAME|C_ACCTBAL|C_PHONE|N_NAME|C_ADDRESS|C_COMMENT|revenue|11713520)
(116089|Customer#000116089|5188.94|29-352-547-1394|ROMANIA|uwc9UWkwOtw8jJ0H9ryZxWa82bohJKkfylwf|e furiously pending accounts doubt bold courts. ironic deposits are carefully according|112312.66040000001|CUSTKEY|C_NAME|C_ACCTBAL|C_PHONE|N_NAME|C_ADDRESS|C_COMMENT|revenue|11713520)
(116089|Customer#000116089|5188.94|29-352-547-1394|ROMANIA|uwc9UWkwOtw8jJ0H9ryZxWa82bohJKkfylwf|e furiously pending accounts doubt bold courts. ironic deposits are carefully according|70541.47640000001|CUSTKEY|C_NAME|C_ACCTBAL|C_PHONE|N_NAME|C_ADDRESS|C_COMMENT|revenue|11891065)
(116089|Customer#000116089|5188.94|29-352-547-1394|ROMANIA|uwc9UWkwOtw8jJ0H9ryZxWa82bohJKkfylwf|e furiously pending accounts doubt bold courts. ironic deposits are carefully according|19230.30000000001|CUSTKEY|C_NAME|C_ACCTBAL|C_PHONE|N_NAME|C_ADDRESS|C_COMMENT|revenue|11891069)
(116089|Customer#000116089|5188.94|29-352-547-1394|ROMANIA|uwc9UWkwOtw8jJ0H9ryZxWa82bohJKkfylwf|e furiously pending accounts doubt bold courts. ironic deposits are carefully according|1.0913936421275139E-11|CUSTKEY|C_NAME|C_ACCTBAL|C_PHONE|N_NAME|C_ADDRESS|C_COMMENT|revenue|11891073)
(118522|Customer#000118522|4287.61|29-987-291-7925|ROMANIA|dYpQih4mO61nTClGLy1sqyqfp27Z1vinAtZxM2,|fully blithely unusual warthogs. fluffily silen|38534.059199999996|CUSTKEY|C_NAME|C_ACCTBAL|C_PHONE|N_NAME|C_ADDRESS|C_COMMENT|revenue|11961686)
(118522|Customer#000118522|4287.61|29-987-291-7925|ROMANIA|dYpQih4mO61nTClGLy1sqyqfp27Z1vinAtZxM2,|fully blithely unusual warthogs. fluffily silen|40532.395|CUSTKEY|C_NAME|C_ACCTBAL|C_PHONE|N_NAME|C_ADDRESS|C_COMMENT|revenue|11961686)
(118522|Customer#000118522|4287.61|29-987-291-7925|ROMANIA|dYpQih4mO61nTClGLy1sqyqfp27Z1vinAtZxM2,|fully blithely unusual warthogs. fluffily silen|46289.244999999995|CUSTKEY|C_NAME|C_ACCTBAL|C_PHONE|N_NAME|C_ADDRESS|C_COMMENT|revenue|11961686)
(118522|Customer#000118522|4287.61|29-987-291-7925|ROMANIA|dYpQih4mO61nTClGLy1sqyqfp27Z1vinAtZxM2,|fully blithely unusual warthogs. fluffily silen|80092.4417|CUSTKEY|C_NAME|C_ACCTBAL|C_PHONE|N_NAME|C_ADDRESS|C_COMMENT|revenue|11961686)
(118522|Customer#000118522|4287.61|29-987-291-7925|ROMANIA|dYpQih4mO61nTClGLy1sqyqfp27Z1vinAtZxM2,|fully blithely unusual warthogs. fluffily silen|41558.3825|CUSTKEY|C_NAME|C_ACCTBAL|C_PHONE|N_NAME|C_ADDRESS|C_COMMENT|revenue|12081635)
(118522|Customer#000118522|4287.61|29-987-291-7925|ROMANIA|dYpQih4mO61nTClGLy1sqyqfp27Z1vinAtZxM2,|fully blithely unusual warthogs. fluffily silen|39560.0467|CUSTKEY|C_NAME|C_ACCTBAL|C_PHONE|N_NAME|C_ADDRESS|C_COMMENT|revenue|12081641)
(118522|Customer#000118522|4287.61|29-987-291-7925|ROMANIA|dYpQih4mO61nTClGLy1sqyqfp27Z1vinAtZxM2,|fully blithely unusual warthogs. fluffily silen|33803.1967|CUSTKEY|C_NAME|C_ACCTBAL|C_PHONE|N_NAME|C_ADDRESS|C_COMMENT|revenue|12081643)
(118522|Customer#000118522|4287.61|29-987-291-7925|ROMANIA|dYpQih4mO61nTClGLy1sqyqfp27Z1vinAtZxM2,|fully blithely unusual warthogs. fluffily silen|0.0|CUSTKEY|C_NAME|C_ACCTBAL|C_PHONE|N_NAME|C_ADDRESS|C_COMMENT|revenue|12081645)
(118687|Customer#000118687|1551.9|29-381-602-2802|ROMANIA|tngrvzVWBJmm90OLganGC,M7fwRQp4XfScu|lly final asymptotes haggle furiously. accounts cajole-- expre|46127.04|CUSTKEY|C_NAME|C_ACCTBAL|C_PHONE|N_NAME|C_ADDRESS|C_COMMENT|revenue|12057144)
(118687|Customer#000118687|1551.9|29-381-602-2802|ROMANIA|tngrvzVWBJmm90OLganGC,M7fwRQp4XfScu|lly final asymptotes haggle furiously. accounts cajole-- expre|0.0|CUSTKEY|C_NAME|C_ACCTBAL|C_PHONE|N_NAME|C_ADDRESS|C_COMMENT|revenue|12112547)
(123148|Customer#000123148|9900.14|30-700-551-9758|SAUDI ARABIA|jO2uKGwHMVcJQvgSKNkpb5Qqz5hwE| nag slyly. ironic, regular foxes about the carefully pending accounts sleep blithely spe|26928.5184|CUSTKEY|C_NAME|C_ACCTBAL|C_PHONE|N_NAME|C_ADDRESS|C_COMMENT|revenue|12433540)
(123148|Customer#000123148|9900.14|30-700-551-9758|SAUDI ARABIA|jO2uKGwHMVcJQvgSKNkpb5Qqz5hwE| nag slyly. ironic, regular foxes about the carefully pending accounts sleep blithely spe|85506.98939999999|CUSTKEY|C_NAME|C_ACCTBAL|C_PHONE|N_NAME|C_ADDRESS|C_COMMENT|revenue|12433540)
(123148|Customer#000123148|9900.14|30-700-551-9758|SAUDI ARABIA|jO2uKGwHMVcJQvgSKNkpb5Qqz5hwE| nag slyly. ironic, regular foxes about the carefully pending accounts sleep blithely spe|58578.47099999999|CUSTKEY|C_NAME|C_ACCTBAL|C_PHONE|N_NAME|C_ADDRESS|C_COMMENT|revenue|12622161)
(123148|Customer#000123148|9900.14|30-700-551-9758|SAUDI ARABIA|jO2uKGwHMVcJQvgSKNkpb5Qqz5hwE| nag slyly. ironic, regular foxes about the carefully pending accounts sleep blithely spe|-7.275957614183426E-12|CUSTKEY|C_NAME|C_ACCTBAL|C_PHONE|N_NAME|C_ADDRESS|C_COMMENT|revenue|12622165)
(124348|Customer#000124348|4519.24|31-444-568-4728|VIETNAM|QGILtLxdIzdapWQh|g blithely pending excuses. even requests run|70588.98|CUSTKEY|C_NAME|C_ACCTBAL|C_PHONE|N_NAME|C_ADDRESS|C_COMMENT|revenue|12724548)
(124348|Customer#000124348|4519.24|31-444-568-4728|VIETNAM|QGILtLxdIzdapWQh|g blithely pending excuses. even requests run|139880.16|CUSTKEY|C_NAME|C_ACCTBAL|C_PHONE|N_NAME|C_ADDRESS|C_COMMENT|revenue|12724548)
(124348|Customer#000124348|4519.24|31-444-568-4728|VIETNAM|QGILtLxdIzdapWQh|g blithely pending excuses. even requests run|69291.18000000001|CUSTKEY|C_NAME|C_ACCTBAL|C_PHONE|N_NAME|C_ADDRESS|C_COMMENT|revenue|12839461)
(124348|Customer#000124348|4519.24|31-444-568-4728|VIETNAM|QGILtLxdIzdapWQh|g blithely pending excuses. even requests run|0.0|CUSTKEY|C_NAME|C_ACCTBAL|C_PHONE|N_NAME|C_ADDRESS|C_COMMENT|revenue|12839461)
(129559|Customer#000129559|5507.53|31-379-697-3542|VIETNAM|DaNgRqV3BM0xsd2X4|bold deposits are quickly express, unusual packages. instructions sleep fluffily. regular|63164.439000000006|CUSTKEY|C_NAME|C_ACCTBAL|C_PHONE|N_NAME|C_ADDRESS|C_COMMENT|revenue|13087464)
(129559|Customer#000129559|5507.53|31-379-697-3542|VIETNAM|DaNgRqV3BM0xsd2X4|bold deposits are quickly express, unusual packages. instructions sleep fluffily. regular|0.0|CUSTKEY|C_NAME|C_ACCTBAL|C_PHONE|N_NAME|C_ADDRESS|C_COMMENT|revenue|13155133)
(133352|Customer#000133352|6629.24|32-410-447-8672|RUSSIA|l9WPd ,ao5GeTJe8pjL|tly pending asymptotes use blithely against the furiously final instructions. re|2514.0388|CUSTKEY|C_NAME|C_ACCTBAL|C_PHONE|N_NAME|C_ADDRESS|C_COMMENT|revenue|13474352)
(133697|Customer#000133697|298.88|32-812-529-6844|RUSSIA|WNIkDpOm6o5|old theodolites affix according to the slyly even sauternes. furiousl|41267.0|CUSTKEY|C_NAME|C_ACCTBAL|C_PHONE|N_NAME|C_ADDRESS|C_COMMENT|revenue|13509542)
(133352|Customer#000133352|6629.24|32-410-447-8672|RUSSIA|l9WPd ,ao5GeTJe8pjL|tly pending asymptotes use blithely against the furiously final instructions. re|0.0|CUSTKEY|C_NAME|C_ACCTBAL|C_PHONE|N_NAME|C_ADDRESS|C_COMMENT|revenue|13614063)
(133697|Customer#000133697|298.88|32-812-529-6844|RUSSIA|WNIkDpOm6o5|old theodolites affix according to the slyly even sauternes. furiousl|0.0|CUSTKEY|C_NAME|C_ACCTBAL|C_PHONE|N_NAME|C_ADDRESS|C_COMMENT|revenue|13675121)
(137579|Customer#000137579|2791.56|32-970-662-2118|RUSSIA|9LCzyNbgsTG 3u3JofX98EyH|refully. express requests along the blithely ironic packages haggle blithely final accounts. furiously ironic|40549.12|CUSTKEY|C_NAME|C_ACCTBAL|C_PHONE|N_NAME|C_ADDRESS|C_COMMENT|revenue|13933638)
(137579|Customer#000137579|2791.56|32-970-662-2118|RUSSIA|9LCzyNbgsTG 3u3JofX98EyH|refully. express requests along the blithely ironic packages haggle blithely final accounts. furiously ironic|54528.0616|CUSTKEY|C_NAME|C_ACCTBAL|C_PHONE|N_NAME|C_ADDRESS|C_COMMENT|revenue|13933640)
(136765|Customer#000136765|902.2|33-580-775-3909|UNITED KINGDOM|u1nMtMz,kdCI5,3| packages cajole; doggedly regular ac|46337.94|CUSTKEY|C_NAME|C_ACCTBAL|C_PHONE|N_NAME|C_ADDRESS|C_COMMENT|revenue|13948552)
(136765|Customer#000136765|902.2|33-580-775-3909|UNITED KINGDOM|u1nMtMz,kdCI5,3| packages cajole; doggedly regular ac|84819.852|CUSTKEY|C_NAME|C_ACCTBAL|C_PHONE|N_NAME|C_ADDRESS|C_COMMENT|revenue|13948552)
(137579|Customer#000137579|2791.56|32-970-662-2118|RUSSIA|9LCzyNbgsTG 3u3JofX98EyH|refully. express requests along the blithely ironic packages haggle blithely final accounts. furiously ironic|13978.941599999998|CUSTKEY|C_NAME|C_ACCTBAL|C_PHONE|N_NAME|C_ADDRESS|C_COMMENT|revenue|13948553)
(137579|Customer#000137579|2791.56|32-970-662-2118|RUSSIA|9LCzyNbgsTG 3u3JofX98EyH|refully. express requests along the blithely ironic packages haggle blithely final accounts. furiously ironic|-1.8189894035458565E-12|CUSTKEY|C_NAME|C_ACCTBAL|C_PHONE|N_NAME|C_ADDRESS|C_COMMENT|revenue|13948553)
(136765|Customer#000136765|902.2|33-580-775-3909|UNITED KINGDOM|u1nMtMz,kdCI5,3| packages cajole; doggedly regular ac|38481.912|CUSTKEY|C_NAME|C_ACCTBAL|C_PHONE|N_NAME|C_ADDRESS|C_COMMENT|revenue|14077481)
(136765|Customer#000136765|902.2|33-580-775-3909|UNITED KINGDOM|u1nMtMz,kdCI5,3| packages cajole; doggedly regular ac|0.0|CUSTKEY|C_NAME|C_ACCTBAL|C_PHONE|N_NAME|C_ADDRESS|C_COMMENT|revenue|14077481)
(140701|Customer#000140701|9242.75|33-324-858-6614|UNITED KINGDOM|vqsh1d2IXb9UrmNcbTRxbWZpibDzrAUB7ECMgQ|instructions wake along the car|27527.145|CUSTKEY|C_NAME|C_ACCTBAL|C_PHONE|N_NAME|C_ADDRESS|C_COMMENT|revenue|14223952)
(140701|Customer#000140701|9242.75|33-324-858-6614|UNITED KINGDOM|vqsh1d2IXb9UrmNcbTRxbWZpibDzrAUB7ECMgQ|instructions wake along the car|68813.7722|CUSTKEY|C_NAME|C_ACCTBAL|C_PHONE|N_NAME|C_ADDRESS|C_COMMENT|revenue|14223952)
(140701|Customer#000140701|9242.75|33-324-858-6614|UNITED KINGDOM|vqsh1d2IXb9UrmNcbTRxbWZpibDzrAUB7ECMgQ|instructions wake along the car|72775.52380000001|CUSTKEY|C_NAME|C_ACCTBAL|C_PHONE|N_NAME|C_ADDRESS|C_COMMENT|revenue|14223952)
(140701|Customer#000140701|9242.75|33-324-858-6614|UNITED KINGDOM|vqsh1d2IXb9UrmNcbTRxbWZpibDzrAUB7ECMgQ|instructions wake along the car|111984.84460000001|CUSTKEY|C_NAME|C_ACCTBAL|C_PHONE|N_NAME|C_ADDRESS|C_COMMENT|revenue|14223952)
(140701|Customer#000140701|9242.75|33-324-858-6614|UNITED KINGDOM|vqsh1d2IXb9UrmNcbTRxbWZpibDzrAUB7ECMgQ|instructions wake along the car|84457.6996|CUSTKEY|C_NAME|C_ACCTBAL|C_PHONE|N_NAME|C_ADDRESS|C_COMMENT|revenue|14314063)
(140701|Customer#000140701|9242.75|33-324-858-6614|UNITED KINGDOM|vqsh1d2IXb9UrmNcbTRxbWZpibDzrAUB7ECMgQ|instructions wake along the car|43171.072400000005|CUSTKEY|C_NAME|C_ACCTBAL|C_PHONE|N_NAME|C_ADDRESS|C_COMMENT|revenue|14314065)
(140701|Customer#000140701|9242.75|33-324-858-6614|UNITED KINGDOM|vqsh1d2IXb9UrmNcbTRxbWZpibDzrAUB7ECMgQ|instructions wake along the car|39209.3208|CUSTKEY|C_NAME|C_ACCTBAL|C_PHONE|N_NAME|C_ADDRESS|C_COMMENT|revenue|14314073)
(140701|Customer#000140701|9242.75|33-324-858-6614|UNITED KINGDOM|vqsh1d2IXb9UrmNcbTRxbWZpibDzrAUB7ECMgQ|instructions wake along the car|7.275957614183426E-12|CUSTKEY|C_NAME|C_ACCTBAL|C_PHONE|N_NAME|C_ADDRESS|C_COMMENT|revenue|14314075)
(143147|Customer#000143147|6791.56|34-614-805-1313|UNITED STATES|vD8CvtyZbu0A6krKntbXPK3eAt6Z|tes cajole carefully bold dependencies. final ideas|20300.321999999996|CUSTKEY|C_NAME|C_ACCTBAL|C_PHONE|N_NAME|C_ADDRESS|C_COMMENT|revenue|14584640)
(143147|Customer#000143147|6791.56|34-614-805-1313|UNITED STATES|vD8CvtyZbu0A6krKntbXPK3eAt6Z|tes cajole carefully bold dependencies. final ideas|27633.867799999996|CUSTKEY|C_NAME|C_ACCTBAL|C_PHONE|N_NAME|C_ADDRESS|C_COMMENT|revenue|14584642)
(143147|Customer#000143147|6791.56|34-614-805-1313|UNITED STATES|vD8CvtyZbu0A6krKntbXPK3eAt6Z|tes cajole carefully bold dependencies. final ideas|95031.34139999999|CUSTKEY|C_NAME|C_ACCTBAL|C_PHONE|N_NAME|C_ADDRESS|C_COMMENT|revenue|14584648)
(143147|Customer#000143147|6791.56|34-614-805-1313|UNITED STATES|vD8CvtyZbu0A6krKntbXPK3eAt6Z|tes cajole carefully bold dependencies. final ideas|128072.99419999999|CUSTKEY|C_NAME|C_ACCTBAL|C_PHONE|N_NAME|C_ADDRESS|C_COMMENT|revenue|14584650)
(143147|Customer#000143147|6791.56|34-614-805-1313|UNITED STATES|vD8CvtyZbu0A6krKntbXPK3eAt6Z|tes cajole carefully bold dependencies. final ideas|107772.67219999999|CUSTKEY|C_NAME|C_ACCTBAL|C_PHONE|N_NAME|C_ADDRESS|C_COMMENT|revenue|14728447)
(143147|Customer#000143147|6791.56|34-614-805-1313|UNITED STATES|vD8CvtyZbu0A6krKntbXPK3eAt6Z|tes cajole carefully bold dependencies. final ideas|100439.12639999998|CUSTKEY|C_NAME|C_ACCTBAL|C_PHONE|N_NAME|C_ADDRESS|C_COMMENT|revenue|14728447)
(143147|Customer#000143147|6791.56|34-614-805-1313|UNITED STATES|vD8CvtyZbu0A6krKntbXPK3eAt6Z|tes cajole carefully bold dependencies. final ideas|33041.65279999998|CUSTKEY|C_NAME|C_ACCTBAL|C_PHONE|N_NAME|C_ADDRESS|C_COMMENT|revenue|14728447)
(143147|Customer#000143147|6791.56|34-614-805-1313|UNITED STATES|vD8CvtyZbu0A6krKntbXPK3eAt6Z|tes cajole carefully bold dependencies. final ideas|-1.4551915228366852E-11|CUSTKEY|C_NAME|C_ACCTBAL|C_PHONE|N_NAME|C_ADDRESS|C_COMMENT|revenue|14728447)
(148586|Customer#000148586|5728.15|34-543-365-8511|UNITED STATES|c,jC 9LQMfgA|ss the furiously silent accounts sleep quickly along the even foxe|17759.664|CUSTKEY|C_NAME|C_ACCTBAL|C_PHONE|N_NAME|C_ADDRESS|C_COMMENT|revenue|15081878)
(148586|Customer#000148586|5728.15|34-543-365-8511|UNITED STATES|c,jC 9LQMfgA|ss the furiously silent accounts sleep quickly along the even foxe|0.0|CUSTKEY|C_NAME|C_ACCTBAL|C_PHONE|N_NAME|C_ADDRESS|C_COMMENT|revenue|15174983)
