(229|Customer#000000229|7568.07|11-243-298-4029|ARGENTINA|Sbvjxgmwy4u6Ks1FH7lxo7toMmeU5dG|bold accounts haggle furiously even deposits. regular instruct|58035.0904|CUSTKEY|C_NAME|C_ACCTBAL|C_PHONE|N_NAME|C_ADDRESS|C_COMMENT|revenue|36344)
(229|Customer#000000229|7568.07|11-243-298-4029|ARGENTINA|Sbvjxgmwy4u6Ks1FH7lxo7toMmeU5dG|bold accounts haggle furiously even deposits. regular instruct|97360.5496|CUSTKEY|C_NAME|C_ACCTBAL|C_PHONE|N_NAME|C_ADDRESS|C_COMMENT|revenue|36346)
(229|Customer#000000229|7568.07|11-243-298-4029|ARGENTINA|Sbvjxgmwy4u6Ks1FH7lxo7toMmeU5dG|bold accounts haggle furiously even deposits. regular instruct|123324.0116|CUSTKEY|C_NAME|C_ACCTBAL|C_PHONE|N_NAME|C_ADDRESS|C_COMMENT|revenue|36348)
(229|Customer#000000229|7568.07|11-243-298-4029|ARGENTINA|Sbvjxgmwy4u6Ks1FH7lxo7toMmeU5dG|bold accounts haggle furiously even deposits. regular instruct|128241.36839999999|CUSTKEY|C_NAME|C_ACCTBAL|C_PHONE|N_NAME|C_ADDRESS|C_COMMENT|revenue|36352)
(260|Customer#000000260|9196.11|11-708-529-9446|ARGENTINA|CrHY2zx4vner4|carefully. furiously bold accounts nag furiously carefully regular accounts-- final decoys prin|1022.5536000000001|CUSTKEY|C_NAME|C_ACCTBAL|C_PHONE|N_NAME|C_ADDRESS|C_COMMENT|revenue|34610)
(260|Customer#000000260|9196.11|11-708-529-9446|ARGENTINA|CrHY2zx4vner4|carefully. furiously bold accounts nag furiously carefully regular accounts-- final decoys prin|45402.4107|CUSTKEY|C_NAME|C_ACCTBAL|C_PHONE|N_NAME|C_ADDRESS|C_COMMENT|revenue|34612)
(268|Customer#000000268|6821.01|13-720-469-5207|CANADA|tkSLQoOpfOa601itad05EcN0UmhjZXdyKRc0r|press ideas print quickly. fluffily unusual deposits use blithely eve|35585.331600000005|CUSTKEY|C_NAME|C_ACCTBAL|C_PHONE|N_NAME|C_ADDRESS|C_COMMENT|revenue|28034)
(334|Customer#000000334|-405.91|14-947-291-5002|EGYPT|OPN1N7t4aQ23TnCpc|fully busily special ideas. carefully final excuses lose slyly carefully express accounts. even, ironic platelets ar|57562.9586|CUSTKEY|C_NAME|C_ACCTBAL|C_PHONE|N_NAME|C_ADDRESS|C_COMMENT|revenue|30482)
(295|Customer#000000295|9497.89|10-340-773-4322|ALGERIA|mk649IH6njR14woTVZ1cxtlNs URxBHD5o5z2|play according to the quickly ironic instructions-- unusual, bol|43139.424|CUSTKEY|C_NAME|C_ACCTBAL|C_PHONE|N_NAME|C_ADDRESS|C_COMMENT|revenue|37536)
(295|Customer#000000295|9497.89|10-340-773-4322|ALGERIA|mk649IH6njR14woTVZ1cxtlNs URxBHD5o5z2|play according to the quickly ironic instructions-- unusual, bol|82326.824|CUSTKEY|C_NAME|C_ACCTBAL|C_PHONE|N_NAME|C_ADDRESS|C_COMMENT|revenue|37538)
(442|Customer#000000442|4157.0|11-240-523-8711|ARGENTINA|rvgayfJFLO2cjzMA|lets would affix fluffily. regular, regular ideas ought to haggle carefully blit|25222.521999999997|CUSTKEY|C_NAME|C_ACCTBAL|C_PHONE|N_NAME|C_ADDRESS|C_COMMENT|revenue|40214)
(442|Customer#000000442|4157.0|11-240-523-8711|ARGENTINA|rvgayfJFLO2cjzMA|lets would affix fluffily. regular, regular ideas ought to haggle carefully blit|49301.122|CUSTKEY|C_NAME|C_ACCTBAL|C_PHONE|N_NAME|C_ADDRESS|C_COMMENT|revenue|40216)
(442|Customer#000000442|4157.0|11-240-523-8711|ARGENTINA|rvgayfJFLO2cjzMA|lets would affix fluffily. regular, regular ideas ought to haggle carefully blit|81491.66500000001|CUSTKEY|C_NAME|C_ACCTBAL|C_PHONE|N_NAME|C_ADDRESS|C_COMMENT|revenue|40220)
(235|Customer#000000235|754.41|13-350-790-6416|CANADA|bp0rIBMh4fMdQnHBmMnB|hely ruthless instructions again|49525.9401|CUSTKEY|C_NAME|C_ACCTBAL|C_PHONE|N_NAME|C_ADDRESS|C_COMMENT|revenue|49362)
(235|Customer#000000235|754.41|13-350-790-6416|CANADA|bp0rIBMh4fMdQnHBmMnB|hely ruthless instructions again|81556.2111|CUSTKEY|C_NAME|C_ACCTBAL|C_PHONE|N_NAME|C_ADDRESS|C_COMMENT|revenue|49366)
(526|Customer#000000526|705.93|11-170-679-3115|ARGENTINA|0oAVPhh1I4JdrDafVG2Z8|ctions cajole after the furiously unusual ideas. ironic packages among the instructions are carefully carefully iro|46679.01|CUSTKEY|C_NAME|C_ACCTBAL|C_PHONE|N_NAME|C_ADDRESS|C_COMMENT|revenue|50944)
(526|Customer#000000526|705.93|11-170-679-3115|ARGENTINA|0oAVPhh1I4JdrDafVG2Z8|ctions cajole after the furiously unusual ideas. ironic packages among the instructions are carefully carefully iro|68475.3108|CUSTKEY|C_NAME|C_ACCTBAL|C_PHONE|N_NAME|C_ADDRESS|C_COMMENT|revenue|50946)
(229|Customer#000000229|7568.07|11-243-298-4029|ARGENTINA|Sbvjxgmwy4u6Ks1FH7lxo7toMmeU5dG|bold accounts haggle furiously even deposits. regular instruct|70206.27799999999|CUSTKEY|C_NAME|C_ACCTBAL|C_PHONE|N_NAME|C_ADDRESS|C_COMMENT|revenue|38575)
(229|Customer#000000229|7568.07|11-243-298-4029|ARGENTINA|Sbvjxgmwy4u6Ks1FH7lxo7toMmeU5dG|bold accounts haggle furiously even deposits. regular instruct|30880.818799999994|CUSTKEY|C_NAME|C_ACCTBAL|C_PHONE|N_NAME|C_ADDRESS|C_COMMENT|revenue|38575)
(229|Customer#000000229|7568.07|11-243-298-4029|ARGENTINA|Sbvjxgmwy4u6Ks1FH7lxo7toMmeU5dG|bold accounts haggle furiously even deposits. regular instruct|4917.356799999994|CUSTKEY|C_NAME|C_ACCTBAL|C_PHONE|N_NAME|C_ADDRESS|C_COMMENT|revenue|38575)
(229|Customer#000000229|7568.07|11-243-298-4029|ARGENTINA|Sbvjxgmwy4u6Ks1FH7lxo7toMmeU5dG|bold accounts haggle furiously even deposits. regular instruct|-5.4569682106375694E-12|CUSTKEY|C_NAME|C_ACCTBAL|C_PHONE|N_NAME|C_ADDRESS|C_COMMENT|revenue|38575)
(268|Customer#000000268|6821.01|13-720-469-5207|CANADA|tkSLQoOpfOa601itad05EcN0UmhjZXdyKRc0r|press ideas print quickly. fluffily unusual deposits use blithely eve|0.0|CUSTKEY|C_NAME|C_ACCTBAL|C_PHONE|N_NAME|C_ADDRESS|C_COMMENT|revenue|58623)
(334|Customer#000000334|-405.91|14-947-291-5002|EGYPT|OPN1N7t4aQ23TnCpc|fully busily special ideas. carefully final excuses lose slyly carefully express accounts. even, ironic platelets ar|0.0|CUSTKEY|C_NAME|C_ACCTBAL|C_PHONE|N_NAME|C_ADDRESS|C_COMMENT|revenue|61013)
(260|Customer#000000260|9196.11|11-708-529-9446|ARGENTINA|CrHY2zx4vner4|carefully. furiously bold accounts nag furiously carefully regular accounts-- final decoys prin|44379.8571|CUSTKEY|C_NAME|C_ACCTBAL|C_PHONE|N_NAME|C_ADDRESS|C_COMMENT|revenue|65221)
(260|Customer#000000260|9196.11|11-708-529-9446|ARGENTINA|CrHY2zx4vner4|carefully. furiously bold accounts nag furiously carefully regular accounts-- final decoys prin|0.0|CUSTKEY|C_NAME|C_ACCTBAL|C_PHONE|N_NAME|C_ADDRESS|C_COMMENT|revenue|65223)
(295|Customer#000000295|9497.89|10-340-773-4322|ALGERIA|mk649IH6njR14woTVZ1cxtlNs URxBHD5o5z2|play according to the quickly ironic instructions-- unusual, bol|39187.399999999994|CUSTKEY|C_NAME|C_ACCTBAL|C_PHONE|N_NAME|C_ADDRESS|C_COMMENT|revenue|68147)
(295|Customer#000000295|9497.89|10-340-773-4322|ALGERIA|mk649IH6njR14woTVZ1cxtlNs URxBHD5o5z2|play according to the quickly ironic instructions-- unusual, bol|-7.275957614183426E-12|CUSTKEY|C_NAME|C_ACCTBAL|C_PHONE|N_NAME|C_ADDRESS|C_COMMENT|revenue|68149)
(442|Customer#000000442|4157.0|11-240-523-8711|ARGENTINA|rvgayfJFLO2cjzMA|lets would affix fluffily. regular, regular ideas ought to haggle carefully blit|56269.14300000001|CUSTKEY|C_NAME|C_ACCTBAL|C_PHONE|N_NAME|C_ADDRESS|C_COMMENT|revenue|70825)
(442|Customer#000000442|4157.0|11-240-523-8711|ARGENTINA|rvgayfJFLO2cjzMA|lets would affix fluffily. regular, regular ideas ought to haggle carefully blit|32190.54300000001|CUSTKEY|C_NAME|C_ACCTBAL|C_PHONE|N_NAME|C_ADDRESS|C_COMMENT|revenue|70827)
(442|Customer#000000442|4157.0|11-240-523-8711|ARGENTINA|rvgayfJFLO2cjzMA|lets would affix fluffily. regular, regular ideas ought to haggle carefully blit|7.275957614183426E-12|CUSTKEY|C_NAME|C_ACCTBAL|C_PHONE|N_NAME|C_ADDRESS|C_COMMENT|revenue|70831)
(535|Customer#000000535|2912.8|12-787-866-1808|BRAZIL|,2Y kklprPasEp6DcthUibs|even dinos breach. fluffily ironic|73819.1406|CUSTKEY|C_NAME|C_ACCTBAL|C_PHONE|N_NAME|C_ADDRESS|C_COMMENT|revenue|47692)
(235|Customer#000000235|754.41|13-350-790-6416|CANADA|bp0rIBMh4fMdQnHBmMnB|hely ruthless instructions again|32030.271|CUSTKEY|C_NAME|C_ACCTBAL|C_PHONE|N_NAME|C_ADDRESS|C_COMMENT|revenue|49362)
(235|Customer#000000235|754.41|13-350-790-6416|CANADA|bp0rIBMh4fMdQnHBmMnB|hely ruthless instructions again|0.0|CUSTKEY|C_NAME|C_ACCTBAL|C_PHONE|N_NAME|C_ADDRESS|C_COMMENT|revenue|49366)
(601|Customer#000000601|9768.21|11-104-635-9839|ARGENTINA|P3 Dv,6yllTNmL9yt6NUZZPZjvM2coWJd|ly according to the unusual foxes. carefully ironic accounts haggle accounts-- regular dolphins will integ|45322.848|CUSTKEY|C_NAME|C_ACCTBAL|C_PHONE|N_NAME|C_ADDRESS|C_COMMENT|revenue|51596)
(601|Customer#000000601|9768.21|11-104-635-9839|ARGENTINA|P3 Dv,6yllTNmL9yt6NUZZPZjvM2coWJd|ly according to the unusual foxes. carefully ironic accounts haggle accounts-- regular dolphins will integ|98457.7298|CUSTKEY|C_NAME|C_ACCTBAL|C_PHONE|N_NAME|C_ADDRESS|C_COMMENT|revenue|51600)
(418|Customer#000000418|1211.39|15-826-508-1218|ETHIOPIA|,e0q82drO rgVHXHrJRQ0GDrRoUOl|d foxes against the furiously special packages snooze blithely quickly |41887.2|CUSTKEY|C_NAME|C_ACCTBAL|C_PHONE|N_NAME|C_ADDRESS|C_COMMENT|revenue|43306)
(601|Customer#000000601|9768.21|11-104-635-9839|ARGENTINA|P3 Dv,6yllTNmL9yt6NUZZPZjvM2coWJd|ly according to the unusual foxes. carefully ironic accounts haggle accounts-- regular dolphins will integ|53134.8818|CUSTKEY|C_NAME|C_ACCTBAL|C_PHONE|N_NAME|C_ADDRESS|C_COMMENT|revenue|51596)
(601|Customer#000000601|9768.21|11-104-635-9839|ARGENTINA|P3 Dv,6yllTNmL9yt6NUZZPZjvM2coWJd|ly according to the unusual foxes. carefully ironic accounts haggle accounts-- regular dolphins will integ|0.0|CUSTKEY|C_NAME|C_ACCTBAL|C_PHONE|N_NAME|C_ADDRESS|C_COMMENT|revenue|51600)
(526|Customer#000000526|705.93|11-170-679-3115|ARGENTINA|0oAVPhh1I4JdrDafVG2Z8|ctions cajole after the furiously unusual ideas. ironic packages among the instructions are carefully carefully iro|21796.300800000005|CUSTKEY|C_NAME|C_ACCTBAL|C_PHONE|N_NAME|C_ADDRESS|C_COMMENT|revenue|50944)
(526|Customer#000000526|705.93|11-170-679-3115|ARGENTINA|0oAVPhh1I4JdrDafVG2Z8|ctions cajole after the furiously unusual ideas. ironic packages among the instructions are carefully carefully iro|7.275957614183426E-12|CUSTKEY|C_NAME|C_ACCTBAL|C_PHONE|N_NAME|C_ADDRESS|C_COMMENT|revenue|50946)
(535|Customer#000000535|2912.8|12-787-866-1808|BRAZIL|,2Y kklprPasEp6DcthUibs|even dinos breach. fluffily ironic|0.0|CUSTKEY|C_NAME|C_ACCTBAL|C_PHONE|N_NAME|C_ADDRESS|C_COMMENT|revenue|47692)
(382|Customer#000000382|6269.42|18-942-650-6657|INDIA|UdgAMamK5JnSykA,ZPfR5W5zRFatDUye|. blithely express notornis according to the blithely even requests are never fina|1513.118|CUSTKEY|C_NAME|C_ACCTBAL|C_PHONE|N_NAME|C_ADDRESS|C_COMMENT|revenue|53040)
(382|Customer#000000382|6269.42|18-942-650-6657|INDIA|UdgAMamK5JnSykA,ZPfR5W5zRFatDUye|. blithely express notornis according to the blithely even requests are never fina|40736.666000000005|CUSTKEY|C_NAME|C_ACCTBAL|C_PHONE|N_NAME|C_ADDRESS|C_COMMENT|revenue|53046)
(382|Customer#000000382|6269.42|18-942-650-6657|INDIA|UdgAMamK5JnSykA,ZPfR5W5zRFatDUye|. blithely express notornis according to the blithely even requests are never fina|115820.68100000001|CUSTKEY|C_NAME|C_ACCTBAL|C_PHONE|N_NAME|C_ADDRESS|C_COMMENT|revenue|53048)
(454|Customer#000000454|6134.4|17-818-915-9400|GERMANY|d9oQCm3onNsFlIoteVjFcQDv|ions print slyly platelets. carefully regular packages according to the fluffy, even foxes wake carefu|15911.286299999998|CUSTKEY|C_NAME|C_ACCTBAL|C_PHONE|N_NAME|C_ADDRESS|C_COMMENT|revenue|64584)
(454|Customer#000000454|6134.4|17-818-915-9400|GERMANY|d9oQCm3onNsFlIoteVjFcQDv|ions print slyly platelets. carefully regular packages according to the fluffy, even foxes wake carefu|28355.2805|CUSTKEY|C_NAME|C_ACCTBAL|C_PHONE|N_NAME|C_ADDRESS|C_COMMENT|revenue|64586)
(454|Customer#000000454|6134.4|17-818-915-9400|GERMANY|d9oQCm3onNsFlIoteVjFcQDv|ions print slyly platelets. carefully regular packages according to the fluffy, even foxes wake carefu|75062.5265|CUSTKEY|C_NAME|C_ACCTBAL|C_PHONE|N_NAME|C_ADDRESS|C_COMMENT|revenue|64596)
(413|Customer#000000413|5817.9|16-158-285-7336|FRANCE|,4Jm5N0ruhJCB7cBR6Kw|ular packages integrate furiously fluffily final accounts. carefully regular |18291.3962|CUSTKEY|C_NAME|C_ACCTBAL|C_PHONE|N_NAME|C_ADDRESS|C_COMMENT|revenue|67140)
(413|Customer#000000413|5817.9|16-158-285-7336|FRANCE|,4Jm5N0ruhJCB7cBR6Kw|ular packages integrate furiously fluffily final accounts. carefully regular |63662.1762|CUSTKEY|C_NAME|C_ACCTBAL|C_PHONE|N_NAME|C_ADDRESS|C_COMMENT|revenue|67146)
(431|Customer#000000431|2273.5|16-326-904-6643|FRANCE|RNfSXbUJkgUlBBPn|e quickly. final, even excuses against the even accounts sleep agai|19490.239999999998|CUSTKEY|C_NAME|C_ACCTBAL|C_PHONE|N_NAME|C_ADDRESS|C_COMMENT|revenue|73182)
(431|Customer#000000431|2273.5|16-326-904-6643|FRANCE|RNfSXbUJkgUlBBPn|e quickly. final, even excuses against the even accounts sleep agai|41003.5136|CUSTKEY|C_NAME|C_ACCTBAL|C_PHONE|N_NAME|C_ADDRESS|C_COMMENT|revenue|73186)
(382|Customer#000000382|6269.42|18-942-650-6657|INDIA|UdgAMamK5JnSykA,ZPfR5W5zRFatDUye|. blithely express notornis according to the blithely even requests are never fina|114307.56300000001|CUSTKEY|C_NAME|C_ACCTBAL|C_PHONE|N_NAME|C_ADDRESS|C_COMMENT|revenue|54187)
(382|Customer#000000382|6269.42|18-942-650-6657|INDIA|UdgAMamK5JnSykA,ZPfR5W5zRFatDUye|. blithely express notornis according to the blithely even requests are never fina|75084.01500000001|CUSTKEY|C_NAME|C_ACCTBAL|C_PHONE|N_NAME|C_ADDRESS|C_COMMENT|revenue|54187)
(382|Customer#000000382|6269.42|18-942-650-6657|INDIA|UdgAMamK5JnSykA,ZPfR5W5zRFatDUye|. blithely express notornis according to the blithely even requests are never fina|1.4551915228366852E-11|CUSTKEY|C_NAME|C_ACCTBAL|C_PHONE|N_NAME|C_ADDRESS|C_COMMENT|revenue|54187)
(688|Customer#000000688|3354.47|18-210-546-2836|INDIA|2QBxK8WIryWMZTsDM JS7GxWCB6Y71Swa,f1EUxk| use alongside of the ironic, pending foxes. final packages use. ironic, unusual dependencies haggle|20681.990999999998|CUSTKEY|C_NAME|C_ACCTBAL|C_PHONE|N_NAME|C_ADDRESS|C_COMMENT|revenue|56770)
(688|Customer#000000688|3354.47|18-210-546-2836|INDIA|2QBxK8WIryWMZTsDM JS7GxWCB6Y71Swa,f1EUxk| use alongside of the ironic, pending foxes. final packages use. ironic, unusual dependencies haggle|88741.02779999998|CUSTKEY|C_NAME|C_ACCTBAL|C_PHONE|N_NAME|C_ADDRESS|C_COMMENT|revenue|56774)
(688|Customer#000000688|3354.47|18-210-546-2836|INDIA|2QBxK8WIryWMZTsDM JS7GxWCB6Y71Swa,f1EUxk| use alongside of the ironic, pending foxes. final packages use. ironic, unusual dependencies haggle|111275.76059999998|CUSTKEY|C_NAME|C_ACCTBAL|C_PHONE|N_NAME|C_ADDRESS|C_COMMENT|revenue|56778)
(688|Customer#000000688|3354.47|18-210-546-2836|INDIA|2QBxK8WIryWMZTsDM JS7GxWCB6Y71Swa,f1EUxk| use alongside of the ironic, pending foxes. final packages use. ironic, unusual dependencies haggle|128486.50939999998|CUSTKEY|C_NAME|C_ACCTBAL|C_PHONE|N_NAME|C_ADDRESS|C_COMMENT|revenue|56780)
(688|Customer#000000688|3354.47|18-210-546-2836|INDIA|2QBxK8WIryWMZTsDM JS7GxWCB6Y71Swa,f1EUxk| use alongside of the ironic, pending foxes. final packages use. ironic, unusual dependencies haggle|206063.29959999997|CUSTKEY|C_NAME|C_ACCTBAL|C_PHONE|N_NAME|C_ADDRESS|C_COMMENT|revenue|56782)
(418|Customer#000000418|1211.39|15-826-508-1218|ETHIOPIA|,e0q82drO rgVHXHrJRQ0GDrRoUOl|d foxes against the furiously special packages snooze blithely quickly |0.0|CUSTKEY|C_NAME|C_ACCTBAL|C_PHONE|N_NAME|C_ADDRESS|C_COMMENT|revenue|73917)
(688|Customer#000000688|3354.47|18-210-546-2836|INDIA|2QBxK8WIryWMZTsDM JS7GxWCB6Y71Swa,f1EUxk| use alongside of the ironic, pending foxes. final packages use. ironic, unusual dependencies haggle|185381.30859999996|CUSTKEY|C_NAME|C_ACCTBAL|C_PHONE|N_NAME|C_ADDRESS|C_COMMENT|revenue|87381)
(688|Customer#000000688|3354.47|18-210-546-2836|INDIA|2QBxK8WIryWMZTsDM JS7GxWCB6Y71Swa,f1EUxk| use alongside of the ironic, pending foxes. final packages use. ironic, unusual dependencies haggle|117322.27179999997|CUSTKEY|C_NAME|C_ACCTBAL|C_PHONE|N_NAME|C_ADDRESS|C_COMMENT|revenue|87385)
(688|Customer#000000688|3354.47|18-210-546-2836|INDIA|2QBxK8WIryWMZTsDM JS7GxWCB6Y71Swa,f1EUxk| use alongside of the ironic, pending foxes. final packages use. ironic, unusual dependencies haggle|94787.53899999998|CUSTKEY|C_NAME|C_ACCTBAL|C_PHONE|N_NAME|C_ADDRESS|C_COMMENT|revenue|87389)
(688|Customer#000000688|3354.47|18-210-546-2836|INDIA|2QBxK8WIryWMZTsDM JS7GxWCB6Y71Swa,f1EUxk| use alongside of the ironic, pending foxes. final packages use. ironic, unusual dependencies haggle|77576.79019999997|CUSTKEY|C_NAME|C_ACCTBAL|C_PHONE|N_NAME|C_ADDRESS|C_COMMENT|revenue|87391)
(688|Customer#000000688|3354.47|18-210-546-2836|INDIA|2QBxK8WIryWMZTsDM JS7GxWCB6Y71Swa,f1EUxk| use alongside of the ironic, pending foxes. final packages use. ironic, unusual dependencies haggle|-2.9103830456733704E-11|CUSTKEY|C_NAME|C_ACCTBAL|C_PHONE|N_NAME|C_ADDRESS|C_COMMENT|revenue|87393)
(454|Customer#000000454|6134.4|17-818-915-9400|GERMANY|d9oQCm3onNsFlIoteVjFcQDv|ions print slyly platelets. carefully regular packages according to the fluffy, even foxes wake carefu|59151.24020000001|CUSTKEY|C_NAME|C_ACCTBAL|C_PHONE|N_NAME|C_ADDRESS|C_COMMENT|revenue|95195)
(454|Customer#000000454|6134.4|17-818-915-9400|GERMANY|d9oQCm3onNsFlIoteVjFcQDv|ions print slyly platelets. carefully regular packages according to the fluffy, even foxes wake carefu|46707.24600000001|CUSTKEY|C_NAME|C_ACCTBAL|C_PHONE|N_NAME|C_ADDRESS|C_COMMENT|revenue|95197)
(454|Customer#000000454|6134.4|17-818-915-9400|GERMANY|d9oQCm3onNsFlIoteVjFcQDv|ions print slyly platelets. carefully regular packages according to the fluffy, even foxes wake carefu|7.275957614183426E-12|CUSTKEY|C_NAME|C_ACCTBAL|C_PHONE|N_NAME|C_ADDRESS|C_COMMENT|revenue|95207)
(413|Customer#000000413|5817.9|16-158-285-7336|FRANCE|,4Jm5N0ruhJCB7cBR6Kw|ular packages integrate furiously fluffily final accounts. carefully regular |45370.78|CUSTKEY|C_NAME|C_ACCTBAL|C_PHONE|N_NAME|C_ADDRESS|C_COMMENT|revenue|67140)
(413|Customer#000000413|5817.9|16-158-285-7336|FRANCE|,4Jm5N0ruhJCB7cBR6Kw|ular packages integrate furiously fluffily final accounts. carefully regular |0.0|CUSTKEY|C_NAME|C_ACCTBAL|C_PHONE|N_NAME|C_ADDRESS|C_COMMENT|revenue|67146)
(431|Customer#000000431|2273.5|16-326-904-6643|FRANCE|RNfSXbUJkgUlBBPn|e quickly. final, even excuses against the even accounts sleep agai|21513.2736|CUSTKEY|C_NAME|C_ACCTBAL|C_PHONE|N_NAME|C_ADDRESS|C_COMMENT|revenue|73182)
(431|Customer#000000431|2273.5|16-326-904-6643|FRANCE|RNfSXbUJkgUlBBPn|e quickly. final, even excuses against the even accounts sleep agai|0.0|CUSTKEY|C_NAME|C_ACCTBAL|C_PHONE|N_NAME|C_ADDRESS|C_COMMENT|revenue|73186)
(559|Customer#000000559|5872.94|17-395-429-6655|GERMANY|A3ACFoVbP,gPe xknVJMWC,wmRxb Nmg fWFS,UP|al accounts cajole carefully across the accounts. furiously pending pinto beans across the |37179.4191|CUSTKEY|C_NAME|C_ACCTBAL|C_PHONE|N_NAME|C_ADDRESS|C_COMMENT|revenue|81720)
(559|Customer#000000559|5872.94|17-395-429-6655|GERMANY|A3ACFoVbP,gPe xknVJMWC,wmRxb Nmg fWFS,UP|al accounts cajole carefully across the accounts. furiously pending pinto beans across the |57901.259099999996|CUSTKEY|C_NAME|C_ACCTBAL|C_PHONE|N_NAME|C_ADDRESS|C_COMMENT|revenue|81724)
(559|Customer#000000559|5872.94|17-395-429-6655|GERMANY|A3ACFoVbP,gPe xknVJMWC,wmRxb Nmg fWFS,UP|al accounts cajole carefully across the accounts. furiously pending pinto beans across the |133391.38069999998|CUSTKEY|C_NAME|C_ACCTBAL|C_PHONE|N_NAME|C_ADDRESS|C_COMMENT|revenue|82132)
(559|Customer#000000559|5872.94|17-395-429-6655|GERMANY|A3ACFoVbP,gPe xknVJMWC,wmRxb Nmg fWFS,UP|al accounts cajole carefully across the accounts. furiously pending pinto beans across the |183847.79989999998|CUSTKEY|C_NAME|C_ACCTBAL|C_PHONE|N_NAME|C_ADDRESS|C_COMMENT|revenue|82136)
(559|Customer#000000559|5872.94|17-395-429-6655|GERMANY|A3ACFoVbP,gPe xknVJMWC,wmRxb Nmg fWFS,UP|al accounts cajole carefully across the accounts. furiously pending pinto beans across the |232304.4207|CUSTKEY|C_NAME|C_ACCTBAL|C_PHONE|N_NAME|C_ADDRESS|C_COMMENT|revenue|82138)
(559|Customer#000000559|5872.94|17-395-429-6655|GERMANY|A3ACFoVbP,gPe xknVJMWC,wmRxb Nmg fWFS,UP|al accounts cajole carefully across the accounts. furiously pending pinto beans across the |245312.90709999998|CUSTKEY|C_NAME|C_ACCTBAL|C_PHONE|N_NAME|C_ADDRESS|C_COMMENT|revenue|82144)
(787|Customer#000000787|212.16|20-210-617-3870|IRAN|wwPe2vMZZ1n1Mm2z0qzDfS43FPj2Ndn|e. ironic theodolites serve regular foxes. pending requests haggle slyly busy instruct|50246.868|CUSTKEY|C_NAME|C_ACCTBAL|C_PHONE|N_NAME|C_ADDRESS|C_COMMENT|revenue|80212)
(787|Customer#000000787|212.16|20-210-617-3870|IRAN|wwPe2vMZZ1n1Mm2z0qzDfS43FPj2Ndn|e. ironic theodolites serve regular foxes. pending requests haggle slyly busy instruct|86582.486|CUSTKEY|C_NAME|C_ACCTBAL|C_PHONE|N_NAME|C_ADDRESS|C_COMMENT|revenue|80226)
(679|Customer#000000679|1394.44|20-146-696-9508|IRAN|IJf1FlZL9I9m,rvofcoKy5pRUOjUQV|ely pending frays boost carefully|45798.479999999996|CUSTKEY|C_NAME|C_ACCTBAL|C_PHONE|N_NAME|C_ADDRESS|C_COMMENT|revenue|67182)
(679|Customer#000000679|1394.44|20-146-696-9508|IRAN|IJf1FlZL9I9m,rvofcoKy5pRUOjUQV|ely pending frays boost carefully|110397.32999999999|CUSTKEY|C_NAME|C_ACCTBAL|C_PHONE|N_NAME|C_ADDRESS|C_COMMENT|revenue|67186)
(679|Customer#000000679|1394.44|20-146-696-9508|IRAN|IJf1FlZL9I9m,rvofcoKy5pRUOjUQV|ely pending frays boost carefully|139451.18|CUSTKEY|C_NAME|C_ACCTBAL|C_PHONE|N_NAME|C_ADDRESS|C_COMMENT|revenue|67190)
(679|Customer#000000679|1394.44|20-146-696-9508|IRAN|IJf1FlZL9I9m,rvofcoKy5pRUOjUQV|ely pending frays boost carefully|152166.5736|CUSTKEY|C_NAME|C_ACCTBAL|C_PHONE|N_NAME|C_ADDRESS|C_COMMENT|revenue|67192)
(844|Customer#000000844|2954.9|21-285-410-4046|IRAQ|1nUzjsH9HS1sPAGLwDIom9IESivLeEh1BvyynjU|ymptotes. ironic, unusual notornis wake after the ironic, special deposits. blithely fina|6498.9834|CUSTKEY|C_NAME|C_ACCTBAL|C_PHONE|N_NAME|C_ADDRESS|C_COMMENT|revenue|76748)
(844|Customer#000000844|2954.9|21-285-410-4046|IRAQ|1nUzjsH9HS1sPAGLwDIom9IESivLeEh1BvyynjU|ymptotes. ironic, unusual notornis wake after the ironic, special deposits. blithely fina|55745.8206|CUSTKEY|C_NAME|C_ACCTBAL|C_PHONE|N_NAME|C_ADDRESS|C_COMMENT|revenue|76754)
(844|Customer#000000844|2954.9|21-285-410-4046|IRAQ|1nUzjsH9HS1sPAGLwDIom9IESivLeEh1BvyynjU|ymptotes. ironic, unusual notornis wake after the ironic, special deposits. blithely fina|95066.2626|CUSTKEY|C_NAME|C_ACCTBAL|C_PHONE|N_NAME|C_ADDRESS|C_COMMENT|revenue|76758)
(559|Customer#000000559|5872.94|17-395-429-6655|GERMANY|A3ACFoVbP,gPe xknVJMWC,wmRxb Nmg fWFS,UP|al accounts cajole carefully across the accounts. furiously pending pinto beans across the |208133.48799999998|CUSTKEY|C_NAME|C_ACCTBAL|C_PHONE|N_NAME|C_ADDRESS|C_COMMENT|revenue|81720)
(559|Customer#000000559|5872.94|17-395-429-6655|GERMANY|A3ACFoVbP,gPe xknVJMWC,wmRxb Nmg fWFS,UP|al accounts cajole carefully across the accounts. furiously pending pinto beans across the |187411.648|CUSTKEY|C_NAME|C_ACCTBAL|C_PHONE|N_NAME|C_ADDRESS|C_COMMENT|revenue|81724)
(559|Customer#000000559|5872.94|17-395-429-6655|GERMANY|A3ACFoVbP,gPe xknVJMWC,wmRxb Nmg fWFS,UP|al accounts cajole carefully across the accounts. furiously pending pinto beans across the |111921.52639999999|CUSTKEY|C_NAME|C_ACCTBAL|C_PHONE|N_NAME|C_ADDRESS|C_COMMENT|revenue|82132)
(559|Customer#000000559|5872.94|17-395-429-6655|GERMANY|A3ACFoVbP,gPe xknVJMWC,wmRxb Nmg fWFS,UP|al accounts cajole carefully across the accounts. furiously pending pinto beans across the |61465.10719999999|CUSTKEY|C_NAME|C_ACCTBAL|C_PHONE|N_NAME|C_ADDRESS|C_COMMENT|revenue|82136)
(559|Customer#000000559|5872.94|17-395-429-6655|GERMANY|A3ACFoVbP,gPe xknVJMWC,wmRxb Nmg fWFS,UP|al accounts cajole carefully across the accounts. furiously pending pinto beans across the |13008.486399999994|CUSTKEY|C_NAME|C_ACCTBAL|C_PHONE|N_NAME|C_ADDRESS|C_COMMENT|revenue|82138)
(559|Customer#000000559|5872.94|17-395-429-6655|GERMANY|A3ACFoVbP,gPe xknVJMWC,wmRxb Nmg fWFS,UP|al accounts cajole carefully across the accounts. furiously pending pinto beans across the |-7.275957614183426E-12|CUSTKEY|C_NAME|C_ACCTBAL|C_PHONE|N_NAME|C_ADDRESS|C_COMMENT|revenue|82144)
(892|Customer#000000892|4799.98|19-589-784-1249|INDONESIA|N KwiRAwIk6KL9WJ6vt0G|ses are carefully. quickly regular theodolites cajole. carefully express accounts wake sly|28543.754399999998|CUSTKEY|C_NAME|C_ACCTBAL|C_PHONE|N_NAME|C_ADDRESS|C_COMMENT|revenue|83354)
(892|Customer#000000892|4799.98|19-589-784-1249|INDONESIA|N KwiRAwIk6KL9WJ6vt0G|ses are carefully. quickly regular theodolites cajole. carefully express accounts wake sly|43884.82979999999|CUSTKEY|C_NAME|C_ACCTBAL|C_PHONE|N_NAME|C_ADDRESS|C_COMMENT|revenue|83358)
(919|Customer#000000919|9774.97|19-537-180-2200|INDONESIA|cHGtsqVvXRiK|lar instructions. blithely final deposits haggle furiously bold pinto bean|46572.8012|CUSTKEY|C_NAME|C_ACCTBAL|C_PHONE|N_NAME|C_ADDRESS|C_COMMENT|revenue|78368)
(919|Customer#000000919|9774.97|19-537-180-2200|INDONESIA|cHGtsqVvXRiK|lar instructions. blithely final deposits haggle furiously bold pinto bean|0.0|CUSTKEY|C_NAME|C_ACCTBAL|C_PHONE|N_NAME|C_ADDRESS|C_COMMENT|revenue|95587)
(679|Customer#000000679|1394.44|20-146-696-9508|IRAN|IJf1FlZL9I9m,rvofcoKy5pRUOjUQV|ely pending frays boost carefully|106368.09360000001|CUSTKEY|C_NAME|C_ACCTBAL|C_PHONE|N_NAME|C_ADDRESS|C_COMMENT|revenue|84491)
(679|Customer#000000679|1394.44|20-146-696-9508|IRAN|IJf1FlZL9I9m,rvofcoKy5pRUOjUQV|ely pending frays boost carefully|41769.24360000001|CUSTKEY|C_NAME|C_ACCTBAL|C_PHONE|N_NAME|C_ADDRESS|C_COMMENT|revenue|84491)
(679|Customer#000000679|1394.44|20-146-696-9508|IRAN|IJf1FlZL9I9m,rvofcoKy5pRUOjUQV|ely pending frays boost carefully|12715.39360000001|CUSTKEY|C_NAME|C_ACCTBAL|C_PHONE|N_NAME|C_ADDRESS|C_COMMENT|revenue|84491)
(679|Customer#000000679|1394.44|20-146-696-9508|IRAN|IJf1FlZL9I9m,rvofcoKy5pRUOjUQV|ely pending frays boost carefully|9.094947017729282E-12|CUSTKEY|C_NAME|C_ACCTBAL|C_PHONE|N_NAME|C_ADDRESS|C_COMMENT|revenue|84491)
(844|Customer#000000844|2954.9|21-285-410-4046|IRAQ|1nUzjsH9HS1sPAGLwDIom9IESivLeEh1BvyynjU|ymptotes. ironic, unusual notornis wake after the ironic, special deposits. blithely fina|88567.2792|CUSTKEY|C_NAME|C_ACCTBAL|C_PHONE|N_NAME|C_ADDRESS|C_COMMENT|revenue|107359)
(844|Customer#000000844|2954.9|21-285-410-4046|IRAQ|1nUzjsH9HS1sPAGLwDIom9IESivLeEh1BvyynjU|ymptotes. ironic, unusual notornis wake after the ironic, special deposits. blithely fina|39320.442|CUSTKEY|C_NAME|C_ACCTBAL|C_PHONE|N_NAME|C_ADDRESS|C_COMMENT|revenue|107365)
(844|Customer#000000844|2954.9|21-285-410-4046|IRAQ|1nUzjsH9HS1sPAGLwDIom9IESivLeEh1BvyynjU|ymptotes. ironic, unusual notornis wake after the ironic, special deposits. blithely fina|0.0|CUSTKEY|C_NAME|C_ACCTBAL|C_PHONE|N_NAME|C_ADDRESS|C_COMMENT|revenue|107369)
(787|Customer#000000787|212.16|20-210-617-3870|IRAN|wwPe2vMZZ1n1Mm2z0qzDfS43FPj2Ndn|e. ironic theodolites serve regular foxes. pending requests haggle slyly busy instruct|36335.618|CUSTKEY|C_NAME|C_ACCTBAL|C_PHONE|N_NAME|C_ADDRESS|C_COMMENT|revenue|110823)
(787|Customer#000000787|212.16|20-210-617-3870|IRAN|wwPe2vMZZ1n1Mm2z0qzDfS43FPj2Ndn|e. ironic theodolites serve regular foxes. pending requests haggle slyly busy instruct|0.0|CUSTKEY|C_NAME|C_ACCTBAL|C_PHONE|N_NAME|C_ADDRESS|C_COMMENT|revenue|110837)
(892|Customer#000000892|4799.98|19-589-784-1249|INDONESIA|N KwiRAwIk6KL9WJ6vt0G|ses are carefully. quickly regular theodolites cajole. carefully express accounts wake sly|15341.075399999994|CUSTKEY|C_NAME|C_ACCTBAL|C_PHONE|N_NAME|C_ADDRESS|C_COMMENT|revenue|113965)
(892|Customer#000000892|4799.98|19-589-784-1249|INDONESIA|N KwiRAwIk6KL9WJ6vt0G|ses are carefully. quickly regular theodolites cajole. carefully express accounts wake sly|-3.637978807091713E-12|CUSTKEY|C_NAME|C_ACCTBAL|C_PHONE|N_NAME|C_ADDRESS|C_COMMENT|revenue|113969)
(805|Customer#000000805|511.69|20-732-989-5653|IRAN|wCKx5zcHvwpSffyc9qfi9dvqcm9LT,cLAG|busy sentiments. pending packages haggle among the express requests-- slyly regular excuses above the slyl|14366.260999999999|CUSTKEY|C_NAME|C_ACCTBAL|C_PHONE|N_NAME|C_ADDRESS|C_COMMENT|revenue|102994)
(805|Customer#000000805|511.69|20-732-989-5653|IRAN|wCKx5zcHvwpSffyc9qfi9dvqcm9LT,cLAG|busy sentiments. pending packages haggle among the express requests-- slyly regular excuses above the slyl|84107.963|CUSTKEY|C_NAME|C_ACCTBAL|C_PHONE|N_NAME|C_ADDRESS|C_COMMENT|revenue|102996)
(841|Customer#000000841|884.2|19-556-695-9964|INDONESIA|pSISKRxFIgVasW71fLyaEuODHZQLBfd6E c7jo|ly. slyly special instructions wake. carefully even accounts sleep quickly slyly silent deposits. s|56260.0|CUSTKEY|C_NAME|C_ACCTBAL|C_PHONE|N_NAME|C_ADDRESS|C_COMMENT|revenue|107634)
(841|Customer#000000841|884.2|19-556-695-9964|INDONESIA|pSISKRxFIgVasW71fLyaEuODHZQLBfd6E c7jo|ly. slyly special instructions wake. carefully even accounts sleep quickly slyly silent deposits. s|76071.68|CUSTKEY|C_NAME|C_ACCTBAL|C_PHONE|N_NAME|C_ADDRESS|C_COMMENT|revenue|107636)
(841|Customer#000000841|884.2|19-556-695-9964|INDONESIA|pSISKRxFIgVasW71fLyaEuODHZQLBfd6E c7jo|ly. slyly special instructions wake. carefully even accounts sleep quickly slyly silent deposits. s|113669.27359999999|CUSTKEY|C_NAME|C_ACCTBAL|C_PHONE|N_NAME|C_ADDRESS|C_COMMENT|revenue|107638)
(841|Customer#000000841|884.2|19-556-695-9964|INDONESIA|pSISKRxFIgVasW71fLyaEuODHZQLBfd6E c7jo|ly. slyly special instructions wake. carefully even accounts sleep quickly slyly silent deposits. s|156648.42799999999|CUSTKEY|C_NAME|C_ACCTBAL|C_PHONE|N_NAME|C_ADDRESS|C_COMMENT|revenue|107642)
(841|Customer#000000841|884.2|19-556-695-9964|INDONESIA|pSISKRxFIgVasW71fLyaEuODHZQLBfd6E c7jo|ly. slyly special instructions wake. carefully even accounts sleep quickly slyly silent deposits. s|100388.42799999999|CUSTKEY|C_NAME|C_ACCTBAL|C_PHONE|N_NAME|C_ADDRESS|C_COMMENT|revenue|107634)
(841|Customer#000000841|884.2|19-556-695-9964|INDONESIA|pSISKRxFIgVasW71fLyaEuODHZQLBfd6E c7jo|ly. slyly special instructions wake. carefully even accounts sleep quickly slyly silent deposits. s|80576.74799999999|CUSTKEY|C_NAME|C_ACCTBAL|C_PHONE|N_NAME|C_ADDRESS|C_COMMENT|revenue|107636)
(841|Customer#000000841|884.2|19-556-695-9964|INDONESIA|pSISKRxFIgVasW71fLyaEuODHZQLBfd6E c7jo|ly. slyly special instructions wake. carefully even accounts sleep quickly slyly silent deposits. s|42979.15439999999|CUSTKEY|C_NAME|C_ACCTBAL|C_PHONE|N_NAME|C_ADDRESS|C_COMMENT|revenue|107638)
(841|Customer#000000841|884.2|19-556-695-9964|INDONESIA|pSISKRxFIgVasW71fLyaEuODHZQLBfd6E c7jo|ly. slyly special instructions wake. carefully even accounts sleep quickly slyly silent deposits. s|-7.275957614183426E-12|CUSTKEY|C_NAME|C_ACCTBAL|C_PHONE|N_NAME|C_ADDRESS|C_COMMENT|revenue|107642)
(1076|Customer#000001076|3509.35|20-405-710-1902|IRAN|C1gf0FyiU H88P0cpv4UOcdgaPRpVA|ainst the silent, silent ideas. sly theodolites use carefully express accounts. regular foxes boost carefully agai|3241.35|CUSTKEY|C_NAME|C_ACCTBAL|C_PHONE|N_NAME|C_ADDRESS|C_COMMENT|revenue|108678)
(1076|Customer#000001076|3509.35|20-405-710-1902|IRAN|C1gf0FyiU H88P0cpv4UOcdgaPRpVA|ainst the silent, silent ideas. sly theodolites use carefully express accounts. regular foxes boost carefully agai|36093.971999999994|CUSTKEY|C_NAME|C_ACCTBAL|C_PHONE|N_NAME|C_ADDRESS|C_COMMENT|revenue|108684)
(1076|Customer#000001076|3509.35|20-405-710-1902|IRAN|C1gf0FyiU H88P0cpv4UOcdgaPRpVA|ainst the silent, silent ideas. sly theodolites use carefully express accounts. regular foxes boost carefully agai|82675.1859|CUSTKEY|C_NAME|C_ACCTBAL|C_PHONE|N_NAME|C_ADDRESS|C_COMMENT|revenue|108690)
(805|Customer#000000805|511.69|20-732-989-5653|IRAN|wCKx5zcHvwpSffyc9qfi9dvqcm9LT,cLAG|busy sentiments. pending packages haggle among the express requests-- slyly regular excuses above the slyl|69741.702|CUSTKEY|C_NAME|C_ACCTBAL|C_PHONE|N_NAME|C_ADDRESS|C_COMMENT|revenue|102994)
(805|Customer#000000805|511.69|20-732-989-5653|IRAN|wCKx5zcHvwpSffyc9qfi9dvqcm9LT,cLAG|busy sentiments. pending packages haggle among the express requests-- slyly regular excuses above the slyl|0.0|CUSTKEY|C_NAME|C_ACCTBAL|C_PHONE|N_NAME|C_ADDRESS|C_COMMENT|revenue|102996)
(1118|Customer#000001118|4130.18|21-583-715-8627|IRAQ|QHg,DNvEVXaYoCdrywazjAJ|y regular requests above the blithely ironic accounts use slyly bold packages: regular pinto beans eat carefully spe|48172.8096|CUSTKEY|C_NAME|C_ACCTBAL|C_PHONE|N_NAME|C_ADDRESS|C_COMMENT|revenue|100504)
(1118|Customer#000001118|4130.18|21-583-715-8627|IRAQ|QHg,DNvEVXaYoCdrywazjAJ|y regular requests above the blithely ironic accounts use slyly bold packages: regular pinto beans eat carefully spe|66225.9902|CUSTKEY|C_NAME|C_ACCTBAL|C_PHONE|N_NAME|C_ADDRESS|C_COMMENT|revenue|100512)
(1180|Customer#000001180|3367.36|23-188-767-6645|JORDAN|jI4QtviiCs0,LOgUPH4aONMnoNt|uests poach carefully carefully final deposits: ironic, regular deposits are slyly busy excuses. regular|44165.988|CUSTKEY|C_NAME|C_ACCTBAL|C_PHONE|N_NAME|C_ADDRESS|C_COMMENT|revenue|104998)
(1180|Customer#000001180|3367.36|23-188-767-6645|JORDAN|jI4QtviiCs0,LOgUPH4aONMnoNt|uests poach carefully carefully final deposits: ironic, regular deposits are slyly busy excuses. regular|74171.2176|CUSTKEY|C_NAME|C_ACCTBAL|C_PHONE|N_NAME|C_ADDRESS|C_COMMENT|revenue|104998)
(1180|Customer#000001180|3367.36|23-188-767-6645|JORDAN|jI4QtviiCs0,LOgUPH4aONMnoNt|uests poach carefully carefully final deposits: ironic, regular deposits are slyly busy excuses. regular|88137.1248|CUSTKEY|C_NAME|C_ACCTBAL|C_PHONE|N_NAME|C_ADDRESS|C_COMMENT|revenue|104998)
(1009|Customer#000001009|594.5|22-132-906-1117|JAPAN|cWONXs2Vx30bkgYoCkx7LrJH,E|ng to the stealthy, final courts cajole carefully alongside of the gifts? regular ideas above the furiously express |36407.7252|CUSTKEY|C_NAME|C_ACCTBAL|C_PHONE|N_NAME|C_ADDRESS|C_COMMENT|revenue|111838)
(1009|Customer#000001009|594.5|22-132-906-1117|JAPAN|cWONXs2Vx30bkgYoCkx7LrJH,E|ng to the stealthy, final courts cajole carefully alongside of the gifts? regular ideas above the furiously express |38770.063200000004|CUSTKEY|C_NAME|C_ACCTBAL|C_PHONE|N_NAME|C_ADDRESS|C_COMMENT|revenue|111840)
(1009|Customer#000001009|594.5|22-132-906-1117|JAPAN|cWONXs2Vx30bkgYoCkx7LrJH,E|ng to the stealthy, final courts cajole carefully alongside of the gifts? regular ideas above the furiously express |46602.17140000001|CUSTKEY|C_NAME|C_ACCTBAL|C_PHONE|N_NAME|C_ADDRESS|C_COMMENT|revenue|111842)
(1223|Customer#000001223|-413.03|21-659-745-8411|IRAQ|,I0bRfCGE5ssaX4V3|oxes. bold foxes detect always furiously special platelets. fluffily bold depende|48595.248|CUSTKEY|C_NAME|C_ACCTBAL|C_PHONE|N_NAME|C_ADDRESS|C_COMMENT|revenue|109386)
(1252|Customer#000001252|3279.84|22-604-782-7617|JAPAN|u2OUDBxaayX4WhrftcM,|eans might impress about the bold requests. bl|14848.079399999999|CUSTKEY|C_NAME|C_ACCTBAL|C_PHONE|N_NAME|C_ADDRESS|C_COMMENT|revenue|112344)
(1252|Customer#000001252|3279.84|22-604-782-7617|JAPAN|u2OUDBxaayX4WhrftcM,|eans might impress about the bold requests. bl|26104.1814|CUSTKEY|C_NAME|C_ACCTBAL|C_PHONE|N_NAME|C_ADDRESS|C_COMMENT|revenue|112344)
(1255|Customer#000001255|6487.71|24-359-633-2713|KENYA|UC6I32JjBU62t4WgDe e2pDYbuM3VAt4MPM|s deposits sleep. blithely ironic dependencies wake. blithely even theodolites sleep. blithely |39072.6573|CUSTKEY|C_NAME|C_ACCTBAL|C_PHONE|N_NAME|C_ADDRESS|C_COMMENT|revenue|115056)
(1255|Customer#000001255|6487.71|24-359-633-2713|KENYA|UC6I32JjBU62t4WgDe e2pDYbuM3VAt4MPM|s deposits sleep. blithely ironic dependencies wake. blithely even theodolites sleep. blithely |90725.0763|CUSTKEY|C_NAME|C_ACCTBAL|C_PHONE|N_NAME|C_ADDRESS|C_COMMENT|revenue|115062)
(1255|Customer#000001255|6487.71|24-359-633-2713|KENYA|UC6I32JjBU62t4WgDe e2pDYbuM3VAt4MPM|s deposits sleep. blithely ironic dependencies wake. blithely even theodolites sleep. blithely |92261.9008|CUSTKEY|C_NAME|C_ACCTBAL|C_PHONE|N_NAME|C_ADDRESS|C_COMMENT|revenue|115064)
(1255|Customer#000001255|6487.71|24-359-633-2713|KENYA|UC6I32JjBU62t4WgDe e2pDYbuM3VAt4MPM|s deposits sleep. blithely ironic dependencies wake. blithely even theodolites sleep. blithely |99598.0663|CUSTKEY|C_NAME|C_ACCTBAL|C_PHONE|N_NAME|C_ADDRESS|C_COMMENT|revenue|115070)
(1180|Customer#000001180|3367.36|23-188-767-6645|JORDAN|jI4QtviiCs0,LOgUPH4aONMnoNt|uests poach carefully carefully final deposits: ironic, regular deposits are slyly busy excuses. regular|43971.13680000001|CUSTKEY|C_NAME|C_ACCTBAL|C_PHONE|N_NAME|C_ADDRESS|C_COMMENT|revenue|122371)
(1180|Customer#000001180|3367.36|23-188-767-6645|JORDAN|jI4QtviiCs0,LOgUPH4aONMnoNt|uests poach carefully carefully final deposits: ironic, regular deposits are slyly busy excuses. regular|13965.907200000005|CUSTKEY|C_NAME|C_ACCTBAL|C_PHONE|N_NAME|C_ADDRESS|C_COMMENT|revenue|122377)
(1180|Customer#000001180|3367.36|23-188-767-6645|JORDAN|jI4QtviiCs0,LOgUPH4aONMnoNt|uests poach carefully carefully final deposits: ironic, regular deposits are slyly busy excuses. regular|5.4569682106375694E-12|CUSTKEY|C_NAME|C_ACCTBAL|C_PHONE|N_NAME|C_ADDRESS|C_COMMENT|revenue|122379)
(1118|Customer#000001118|4130.18|21-583-715-8627|IRAQ|QHg,DNvEVXaYoCdrywazjAJ|y regular requests above the blithely ironic accounts use slyly bold packages: regular pinto beans eat carefully spe|18053.1806|CUSTKEY|C_NAME|C_ACCTBAL|C_PHONE|N_NAME|C_ADDRESS|C_COMMENT|revenue|131115)
(1118|Customer#000001118|4130.18|21-583-715-8627|IRAQ|QHg,DNvEVXaYoCdrywazjAJ|y regular requests above the blithely ironic accounts use slyly bold packages: regular pinto beans eat carefully spe|0.0|CUSTKEY|C_NAME|C_ACCTBAL|C_PHONE|N_NAME|C_ADDRESS|C_COMMENT|revenue|131123)
(1252|Customer#000001252|3279.84|22-604-782-7617|JAPAN|u2OUDBxaayX4WhrftcM,|eans might impress about the bold requests. bl|11256.102000000003|CUSTKEY|C_NAME|C_ACCTBAL|C_PHONE|N_NAME|C_ADDRESS|C_COMMENT|revenue|138394)
(1252|Customer#000001252|3279.84|22-604-782-7617|JAPAN|u2OUDBxaayX4WhrftcM,|eans might impress about the bold requests. bl|1.8189894035458565E-12|CUSTKEY|C_NAME|C_ACCTBAL|C_PHONE|N_NAME|C_ADDRESS|C_COMMENT|revenue|138395)
(1223|Customer#000001223|-413.03|21-659-745-8411|IRAQ|,I0bRfCGE5ssaX4V3|oxes. bold foxes detect always furiously special platelets. fluffily bold depende|0.0|CUSTKEY|C_NAME|C_ACCTBAL|C_PHONE|N_NAME|C_ADDRESS|C_COMMENT|revenue|138420)
(1076|Customer#000001076|3509.35|20-405-710-1902|IRAN|C1gf0FyiU H88P0cpv4UOcdgaPRpVA|ainst the silent, silent ideas. sly theodolites use carefully express accounts. regular foxes boost carefully agai|79433.83589999999|CUSTKEY|C_NAME|C_ACCTBAL|C_PHONE|N_NAME|C_ADDRESS|C_COMMENT|revenue|138692)
(1076|Customer#000001076|3509.35|20-405-710-1902|IRAN|C1gf0FyiU H88P0cpv4UOcdgaPRpVA|ainst the silent, silent ideas. sly theodolites use carefully express accounts. regular foxes boost carefully agai|46581.213899999995|CUSTKEY|C_NAME|C_ACCTBAL|C_PHONE|N_NAME|C_ADDRESS|C_COMMENT|revenue|138695)
(1076|Customer#000001076|3509.35|20-405-710-1902|IRAN|C1gf0FyiU H88P0cpv4UOcdgaPRpVA|ainst the silent, silent ideas. sly theodolites use carefully express accounts. regular foxes boost carefully agai|-7.275957614183426E-12|CUSTKEY|C_NAME|C_ACCTBAL|C_PHONE|N_NAME|C_ADDRESS|C_COMMENT|revenue|138698)
(1118|Customer#000001118|4130.18|21-583-715-8627|IRAQ|QHg,DNvEVXaYoCdrywazjAJ|y regular requests above the blithely ironic accounts use slyly bold packages: regular pinto beans eat carefully spe|18522.0763|CUSTKEY|C_NAME|C_ACCTBAL|C_PHONE|N_NAME|C_ADDRESS|C_COMMENT|revenue|119710)
(1118|Customer#000001118|4130.18|21-583-715-8627|IRAQ|QHg,DNvEVXaYoCdrywazjAJ|y regular requests above the blithely ironic accounts use slyly bold packages: regular pinto beans eat carefully spe|54600.421899999994|CUSTKEY|C_NAME|C_ACCTBAL|C_PHONE|N_NAME|C_ADDRESS|C_COMMENT|revenue|119714)
(1118|Customer#000001118|4130.18|21-583-715-8627|IRAQ|QHg,DNvEVXaYoCdrywazjAJ|y regular requests above the blithely ironic accounts use slyly bold packages: regular pinto beans eat carefully spe|92601.6269|CUSTKEY|C_NAME|C_ACCTBAL|C_PHONE|N_NAME|C_ADDRESS|C_COMMENT|revenue|119716)
(1118|Customer#000001118|4130.18|21-583-715-8627|IRAQ|QHg,DNvEVXaYoCdrywazjAJ|y regular requests above the blithely ironic accounts use slyly bold packages: regular pinto beans eat carefully spe|95290.8953|CUSTKEY|C_NAME|C_ACCTBAL|C_PHONE|N_NAME|C_ADDRESS|C_COMMENT|revenue|119720)
(1013|Customer#000001013|-951.53|25-725-599-1183|MOROCCO|k5rfeOtchP1  w|idle packages cajole regular asymptotes. carefully express forg|47113.862400000005|CUSTKEY|C_NAME|C_ACCTBAL|C_PHONE|N_NAME|C_ADDRESS|C_COMMENT|revenue|121410)
(1013|Customer#000001013|-951.53|25-725-599-1183|MOROCCO|k5rfeOtchP1  w|idle packages cajole regular asymptotes. carefully express forg|79173.399|CUSTKEY|C_NAME|C_ACCTBAL|C_PHONE|N_NAME|C_ADDRESS|C_COMMENT|revenue|121412)
(1156|Customer#000001156|1799.67|24-637-724-1410|KENYA|3ShFbt9dTbLOG4lUBvc1AZp0Tam0BNjYS qwTZ|ns. carefully regular foxes are quickly. furiously careful accounts accord|13597.542|CUSTKEY|C_NAME|C_ACCTBAL|C_PHONE|N_NAME|C_ADDRESS|C_COMMENT|revenue|125758)
(1156|Customer#000001156|1799.67|24-637-724-1410|KENYA|3ShFbt9dTbLOG4lUBvc1AZp0Tam0BNjYS qwTZ|ns. carefully regular foxes are quickly. furiously careful accounts accord|25193.862|CUSTKEY|C_NAME|C_ACCTBAL|C_PHONE|N_NAME|C_ADDRESS|C_COMMENT|revenue|125770)
(1118|Customer#000001118|4130.18|21-583-715-8627|IRAQ|QHg,DNvEVXaYoCdrywazjAJ|y regular requests above the blithely ironic accounts use slyly bold packages: regular pinto beans eat carefully spe|76768.819|CUSTKEY|C_NAME|C_ACCTBAL|C_PHONE|N_NAME|C_ADDRESS|C_COMMENT|revenue|119710)
(1118|Customer#000001118|4130.18|21-583-715-8627|IRAQ|QHg,DNvEVXaYoCdrywazjAJ|y regular requests above the blithely ironic accounts use slyly bold packages: regular pinto beans eat carefully spe|40690.47340000001|CUSTKEY|C_NAME|C_ACCTBAL|C_PHONE|N_NAME|C_ADDRESS|C_COMMENT|revenue|119714)
(1118|Customer#000001118|4130.18|21-583-715-8627|IRAQ|QHg,DNvEVXaYoCdrywazjAJ|y regular requests above the blithely ironic accounts use slyly bold packages: regular pinto beans eat carefully spe|2689.268400000008|CUSTKEY|C_NAME|C_ACCTBAL|C_PHONE|N_NAME|C_ADDRESS|C_COMMENT|revenue|119716)
(1118|Customer#000001118|4130.18|21-583-715-8627|IRAQ|QHg,DNvEVXaYoCdrywazjAJ|y regular requests above the blithely ironic accounts use slyly bold packages: regular pinto beans eat carefully spe|8.185452315956354E-12|CUSTKEY|C_NAME|C_ACCTBAL|C_PHONE|N_NAME|C_ADDRESS|C_COMMENT|revenue|119720)
(1168|Customer#000001168|6194.65|27-608-883-2632|PERU|gmAnpwPPg0LX4|ses run according to the regular instructions. slyly regular foxes around the furiously ironic theodolites use fl|47254.3848|CUSTKEY|C_NAME|C_ACCTBAL|C_PHONE|N_NAME|C_ADDRESS|C_COMMENT|revenue|112658)
(1168|Customer#000001168|6194.65|27-608-883-2632|PERU|gmAnpwPPg0LX4|ses run according to the regular instructions. slyly regular foxes around the furiously ironic theodolites use fl|53474.4168|CUSTKEY|C_NAME|C_ACCTBAL|C_PHONE|N_NAME|C_ADDRESS|C_COMMENT|revenue|112664)
(1168|Customer#000001168|6194.65|27-608-883-2632|PERU|gmAnpwPPg0LX4|ses run according to the regular instructions. slyly regular foxes around the furiously ironic theodolites use fl|63614.6856|CUSTKEY|C_NAME|C_ACCTBAL|C_PHONE|N_NAME|C_ADDRESS|C_COMMENT|revenue|112666)
(1168|Customer#000001168|6194.65|27-608-883-2632|PERU|gmAnpwPPg0LX4|ses run according to the regular instructions. slyly regular foxes around the furiously ironic theodolites use fl|110101.55399999999|CUSTKEY|C_NAME|C_ACCTBAL|C_PHONE|N_NAME|C_ADDRESS|C_COMMENT|revenue|112668)
(1009|Customer#000001009|594.5|22-132-906-1117|JAPAN|cWONXs2Vx30bkgYoCkx7LrJH,E|ng to the stealthy, final courts cajole carefully alongside of the gifts? regular ideas above the furiously express |10194.446200000006|CUSTKEY|C_NAME|C_ACCTBAL|C_PHONE|N_NAME|C_ADDRESS|C_COMMENT|revenue|116528)
(1009|Customer#000001009|594.5|22-132-906-1117|JAPAN|cWONXs2Vx30bkgYoCkx7LrJH,E|ng to the stealthy, final courts cajole carefully alongside of the gifts? regular ideas above the furiously express |7832.108200000006|CUSTKEY|C_NAME|C_ACCTBAL|C_PHONE|N_NAME|C_ADDRESS|C_COMMENT|revenue|116528)
(1009|Customer#000001009|594.5|22-132-906-1117|JAPAN|cWONXs2Vx30bkgYoCkx7LrJH,E|ng to the stealthy, final courts cajole carefully alongside of the gifts? regular ideas above the furiously express |5.4569682106375694E-12|CUSTKEY|C_NAME|C_ACCTBAL|C_PHONE|N_NAME|C_ADDRESS|C_COMMENT|revenue|116528)
(1013|Customer#000001013|-951.53|25-725-599-1183|MOROCCO|k5rfeOtchP1  w|idle packages cajole regular asymptotes. carefully express forg|32059.5366|CUSTKEY|C_NAME|C_ACCTBAL|C_PHONE|N_NAME|C_ADDRESS|C_COMMENT|revenue|121410)
(1013|Customer#000001013|-951.53|25-725-599-1183|MOROCCO|k5rfeOtchP1  w|idle packages cajole regular asymptotes. carefully express forg|0.0|CUSTKEY|C_NAME|C_ACCTBAL|C_PHONE|N_NAME|C_ADDRESS|C_COMMENT|revenue|121412)
(1318|Customer#000001318|5812.93|24-524-279-4270|KENYA|yrASJAqw67PQxFYVAVsGU|lyly blithely final depths. regularly even accounts haggle across the carefu|961.7328|CUSTKEY|C_NAME|C_ACCTBAL|C_PHONE|N_NAME|C_ADDRESS|C_COMMENT|revenue|129408)
(1318|Customer#000001318|5812.93|24-524-279-4270|KENYA|yrASJAqw67PQxFYVAVsGU|lyly blithely final depths. regularly even accounts haggle across the carefu|14975.9808|CUSTKEY|C_NAME|C_ACCTBAL|C_PHONE|N_NAME|C_ADDRESS|C_COMMENT|revenue|129412)
(1336|Customer#000001336|1490.21|26-350-110-5043|MOZAMBIQUE|E4MeTLnSTIOlWkLDwmG7QPf 9Dq|ts after the deposits are quickly deposits! blithely regular theodolites integrate above the slyly pending |15074.9872|CUSTKEY|C_NAME|C_ACCTBAL|C_PHONE|N_NAME|C_ADDRESS|C_COMMENT|revenue|120916)
(1336|Customer#000001336|1490.21|26-350-110-5043|MOZAMBIQUE|E4MeTLnSTIOlWkLDwmG7QPf 9Dq|ts after the deposits are quickly deposits! blithely regular theodolites integrate above the slyly pending |30980.9017|CUSTKEY|C_NAME|C_ACCTBAL|C_PHONE|N_NAME|C_ADDRESS|C_COMMENT|revenue|120916)
(1336|Customer#000001336|1490.21|26-350-110-5043|MOZAMBIQUE|E4MeTLnSTIOlWkLDwmG7QPf 9Dq|ts after the deposits are quickly deposits! blithely regular theodolites integrate above the slyly pending |95602.8955|CUSTKEY|C_NAME|C_ACCTBAL|C_PHONE|N_NAME|C_ADDRESS|C_COMMENT|revenue|126168)
(1336|Customer#000001336|1490.21|26-350-110-5043|MOZAMBIQUE|E4MeTLnSTIOlWkLDwmG7QPf 9Dq|ts after the deposits are quickly deposits! blithely regular theodolites integrate above the slyly pending |173654.7239|CUSTKEY|C_NAME|C_ACCTBAL|C_PHONE|N_NAME|C_ADDRESS|C_COMMENT|revenue|126172)
(1336|Customer#000001336|1490.21|26-350-110-5043|MOZAMBIQUE|E4MeTLnSTIOlWkLDwmG7QPf 9Dq|ts after the deposits are quickly deposits! blithely regular theodolites integrate above the slyly pending |191300.9525|CUSTKEY|C_NAME|C_ACCTBAL|C_PHONE|N_NAME|C_ADDRESS|C_COMMENT|revenue|126176)
(1349|Customer#000001349|4967.24|28-950-527-8728|CHINA|HvlnFsKOdm39Ge4VPgzE,UN|ges. final ideas nag furiously against the fluffily express accounts. |72923.6522|CUSTKEY|C_NAME|C_ACCTBAL|C_PHONE|N_NAME|C_ADDRESS|C_COMMENT|revenue|126266)
(1349|Customer#000001349|4967.24|28-950-527-8728|CHINA|HvlnFsKOdm39Ge4VPgzE,UN|ges. final ideas nag furiously against the fluffily express accounts. |116633.4662|CUSTKEY|C_NAME|C_ACCTBAL|C_PHONE|N_NAME|C_ADDRESS|C_COMMENT|revenue|126270)
(1349|Customer#000001349|4967.24|28-950-527-8728|CHINA|HvlnFsKOdm39Ge4VPgzE,UN|ges. final ideas nag furiously against the fluffily express accounts. |198043.16379999998|CUSTKEY|C_NAME|C_ACCTBAL|C_PHONE|N_NAME|C_ADDRESS|C_COMMENT|revenue|126274)
(1349|Customer#000001349|4967.24|28-950-527-8728|CHINA|HvlnFsKOdm39Ge4VPgzE,UN|ges. final ideas nag furiously against the fluffily express accounts. |206803.97319999998|CUSTKEY|C_NAME|C_ACCTBAL|C_PHONE|N_NAME|C_ADDRESS|C_COMMENT|revenue|126278)
(1168|Customer#000001168|6194.65|27-608-883-2632|PERU|gmAnpwPPg0LX4|ses run according to the regular instructions. slyly regular foxes around the furiously ironic theodolites use fl|62847.16919999999|CUSTKEY|C_NAME|C_ACCTBAL|C_PHONE|N_NAME|C_ADDRESS|C_COMMENT|revenue|140682)
(1168|Customer#000001168|6194.65|27-608-883-2632|PERU|gmAnpwPPg0LX4|ses run according to the regular instructions. slyly regular foxes around the furiously ironic theodolites use fl|56627.13719999999|CUSTKEY|C_NAME|C_ACCTBAL|C_PHONE|N_NAME|C_ADDRESS|C_COMMENT|revenue|140685)
(1168|Customer#000001168|6194.65|27-608-883-2632|PERU|gmAnpwPPg0LX4|ses run according to the regular instructions. slyly regular foxes around the furiously ironic theodolites use fl|46486.86839999999|CUSTKEY|C_NAME|C_ACCTBAL|C_PHONE|N_NAME|C_ADDRESS|C_COMMENT|revenue|140686)
(1168|Customer#000001168|6194.65|27-608-883-2632|PERU|gmAnpwPPg0LX4|ses run according to the regular instructions. slyly regular foxes around the furiously ironic theodolites use fl|0.0|CUSTKEY|C_NAME|C_ACCTBAL|C_PHONE|N_NAME|C_ADDRESS|C_COMMENT|revenue|140687)
(1255|Customer#000001255|6487.71|24-359-633-2713|KENYA|UC6I32JjBU62t4WgDe e2pDYbuM3VAt4MPM|s deposits sleep. blithely ironic dependencies wake. blithely even theodolites sleep. blithely |60525.40900000001|CUSTKEY|C_NAME|C_ACCTBAL|C_PHONE|N_NAME|C_ADDRESS|C_COMMENT|revenue|141881)
(1255|Customer#000001255|6487.71|24-359-633-2713|KENYA|UC6I32JjBU62t4WgDe e2pDYbuM3VAt4MPM|s deposits sleep. blithely ironic dependencies wake. blithely even theodolites sleep. blithely |8872.990000000005|CUSTKEY|C_NAME|C_ACCTBAL|C_PHONE|N_NAME|C_ADDRESS|C_COMMENT|revenue|141884)
(1255|Customer#000001255|6487.71|24-359-633-2713|KENYA|UC6I32JjBU62t4WgDe e2pDYbuM3VAt4MPM|s deposits sleep. blithely ironic dependencies wake. blithely even theodolites sleep. blithely |7336.1655000000055|CUSTKEY|C_NAME|C_ACCTBAL|C_PHONE|N_NAME|C_ADDRESS|C_COMMENT|revenue|141885)
(1255|Customer#000001255|6487.71|24-359-633-2713|KENYA|UC6I32JjBU62t4WgDe e2pDYbuM3VAt4MPM|s deposits sleep. blithely ironic dependencies wake. blithely even theodolites sleep. blithely |5.4569682106375694E-12|CUSTKEY|C_NAME|C_ACCTBAL|C_PHONE|N_NAME|C_ADDRESS|C_COMMENT|revenue|141888)
(1336|Customer#000001336|1490.21|26-350-110-5043|MOZAMBIQUE|E4MeTLnSTIOlWkLDwmG7QPf 9Dq|ts after the deposits are quickly deposits! blithely regular theodolites integrate above the slyly pending |176225.9653|CUSTKEY|C_NAME|C_ACCTBAL|C_PHONE|N_NAME|C_ADDRESS|C_COMMENT|revenue|144252)
(1336|Customer#000001336|1490.21|26-350-110-5043|MOZAMBIQUE|E4MeTLnSTIOlWkLDwmG7QPf 9Dq|ts after the deposits are quickly deposits! blithely regular theodolites integrate above the slyly pending |160320.05080000003|CUSTKEY|C_NAME|C_ACCTBAL|C_PHONE|N_NAME|C_ADDRESS|C_COMMENT|revenue|144256)
(1156|Customer#000001156|1799.67|24-637-724-1410|KENYA|3ShFbt9dTbLOG4lUBvc1AZp0Tam0BNjYS qwTZ|ns. carefully regular foxes are quickly. furiously careful accounts accord|11596.320000000002|CUSTKEY|C_NAME|C_ACCTBAL|C_PHONE|N_NAME|C_ADDRESS|C_COMMENT|revenue|147232)
(1156|Customer#000001156|1799.67|24-637-724-1410|KENYA|3ShFbt9dTbLOG4lUBvc1AZp0Tam0BNjYS qwTZ|ns. carefully regular foxes are quickly. furiously careful accounts accord|1.8189894035458565E-12|CUSTKEY|C_NAME|C_ACCTBAL|C_PHONE|N_NAME|C_ADDRESS|C_COMMENT|revenue|147238)
(1336|Customer#000001336|1490.21|26-350-110-5043|MOZAMBIQUE|E4MeTLnSTIOlWkLDwmG7QPf 9Dq|ts after the deposits are quickly deposits! blithely regular theodolites integrate above the slyly pending |95698.05700000003|CUSTKEY|C_NAME|C_ACCTBAL|C_PHONE|N_NAME|C_ADDRESS|C_COMMENT|revenue|147437)
(1336|Customer#000001336|1490.21|26-350-110-5043|MOZAMBIQUE|E4MeTLnSTIOlWkLDwmG7QPf 9Dq|ts after the deposits are quickly deposits! blithely regular theodolites integrate above the slyly pending |17646.228600000017|CUSTKEY|C_NAME|C_ACCTBAL|C_PHONE|N_NAME|C_ADDRESS|C_COMMENT|revenue|147439)
(1336|Customer#000001336|1490.21|26-350-110-5043|MOZAMBIQUE|E4MeTLnSTIOlWkLDwmG7QPf 9Dq|ts after the deposits are quickly deposits! blithely regular theodolites integrate above the slyly pending |1.8189894035458565E-11|CUSTKEY|C_NAME|C_ACCTBAL|C_PHONE|N_NAME|C_ADDRESS|C_COMMENT|revenue|147441)
(1349|Customer#000001349|4967.24|28-950-527-8728|CHINA|HvlnFsKOdm39Ge4VPgzE,UN|ges. final ideas nag furiously against the fluffily express accounts. |133880.321|CUSTKEY|C_NAME|C_ACCTBAL|C_PHONE|N_NAME|C_ADDRESS|C_COMMENT|revenue|147486)
(1349|Customer#000001349|4967.24|28-950-527-8728|CHINA|HvlnFsKOdm39Ge4VPgzE,UN|ges. final ideas nag furiously against the fluffily express accounts. |90170.507|CUSTKEY|C_NAME|C_ACCTBAL|C_PHONE|N_NAME|C_ADDRESS|C_COMMENT|revenue|147488)
(1349|Customer#000001349|4967.24|28-950-527-8728|CHINA|HvlnFsKOdm39Ge4VPgzE,UN|ges. final ideas nag furiously against the fluffily express accounts. |8760.809399999998|CUSTKEY|C_NAME|C_ACCTBAL|C_PHONE|N_NAME|C_ADDRESS|C_COMMENT|revenue|147490)
(1349|Customer#000001349|4967.24|28-950-527-8728|CHINA|HvlnFsKOdm39Ge4VPgzE,UN|ges. final ideas nag furiously against the fluffily express accounts. |-1.8189894035458565E-12|CUSTKEY|C_NAME|C_ACCTBAL|C_PHONE|N_NAME|C_ADDRESS|C_COMMENT|revenue|147492)
(1318|Customer#000001318|5812.93|24-524-279-4270|KENYA|yrASJAqw67PQxFYVAVsGU|lyly blithely final depths. regularly even accounts haggle across the carefu|14014.248|CUSTKEY|C_NAME|C_ACCTBAL|C_PHONE|N_NAME|C_ADDRESS|C_COMMENT|revenue|149057)
(1318|Customer#000001318|5812.93|24-524-279-4270|KENYA|yrASJAqw67PQxFYVAVsGU|lyly blithely final depths. regularly even accounts haggle across the carefu|0.0|CUSTKEY|C_NAME|C_ACCTBAL|C_PHONE|N_NAME|C_ADDRESS|C_COMMENT|revenue|149059)
